Tiempo ,CONTROL,PID,ANGULO,REFERENCIA,PERTURBACION
-0.4,0.0,0.0,0.0,0.0,0.0
-0.38,0.0,0.0,0.0,0.0,0.0
-0.36,0.0,0.0,0.0,0.0,0.0
-0.34,0.0,0.0,0.0,0.0,0.0
-0.32,0.0,0.0,0.0,0.0,0.0
-0.3,0.0,0.0,0.0,0.0,0.0
-0.28,0.0,0.0,0.0,0.0,0.0
-0.26,0.0,0.0,0.0,0.0,0.0
-0.24,0.0,0.0,0.0,0.0,0.0
-0.22,0.0,0.0,0.0,0.0,0.0
-0.2,0.0,0.0,0.0,0.0,0.0
-0.18,0.0,0.0,0.0,0.0,0.0
-0.16,0.0,0.0,0.0,0.0,0.0
-0.14,0.0,0.0,0.0,0.0,0.0
-0.12,0.0,0.0,0.0,0.0,0.0
-0.1,0.0,0.0,0.0,0.0,0.0
-0.08,0.0,0.0,0.0,0.0,0.0
-0.06,0.0,0.0,0.0,0.0,0.0
-0.04,0.0,0.0,0.0,0.0,0.0
-0.02,0.0,0.0,0.0,0.0,0.0
0.0,0.0,0.0,-0.0,0.0,0.0
0.02,0.0,0.0,-0.0,0.0,0.0
0.04,0.579,0.579,-0.0,0.6,0.0
0.06,0.518,0.518,-0.0,0.6,0.0
0.08,0.464,0.464,-0.0,0.6,0.0
0.1,0.418,0.418,-0.0,0.6,0.0
0.12,0.378,0.378,-0.0,0.6,0.0
0.14,0.344,0.344,-0.0,0.6,0.0
0.16,0.315,0.315,-0.0,0.6,0.0
0.18,0.291,0.291,-0.0,0.6,0.0
0.2,0.27,0.27,0.002,0.6,0.0
0.22,0.255,0.255,0.002,0.6,0.0
0.24,0.243,0.243,0.002,0.6,0.0
0.26,0.234,0.234,0.002,0.6,0.0
0.28,0.227,0.227,0.003,0.6,0.0
0.3,0.224,0.224,0.003,0.6,0.0
0.32,0.222,0.222,0.005,0.6,0.0
0.34,0.224,0.224,0.005,0.6,0.0
0.36,0.226,0.226,0.007,0.6,0.0
0.38,0.232,0.232,0.007,0.6,0.0
0.4,0.24,0.24,0.007,0.6,0.0
0.42,0.247,0.247,0.009,0.6,0.0
0.44,0.257,0.257,0.009,0.6,0.0
0.46,0.268,0.268,0.01,0.6,0.0
0.48,0.281,0.281,0.01,0.6,0.0
0.5,0.293,0.293,0.012,0.6,0.0
0.52,0.308,0.308,0.012,0.6,0.0
0.54,0.322,0.322,0.014,0.6,0.0
0.56,0.339,0.339,0.014,0.6,0.0
0.58,0.354,0.354,0.016,0.6,0.0
0.6,0.372,0.372,0.016,0.6,0.0
0.62,0.389,0.389,0.017,0.6,0.0
0.64,0.408,0.408,0.017,0.6,0.0
0.66,0.426,0.426,0.019,0.6,0.0
0.68,0.444,0.444,0.021,0.6,0.0
0.7,0.465,0.465,0.021,0.6,0.0
0.72,0.484,0.484,0.023,0.6,0.0
0.74,0.503,0.503,0.024,0.6,0.0
0.76,0.521,0.521,0.028,0.6,0.0
0.78,0.542,0.542,0.03,0.6,0.0
0.8,0.562,0.562,0.031,0.6,0.0
0.82,0.581,0.581,0.035,0.6,0.0
0.84,0.601,0.601,0.038,0.6,0.0
0.86,0.621,0.621,0.042,0.6,0.0
0.88,0.639,0.639,0.047,0.6,0.0
0.9,0.66,0.66,0.051,0.6,0.0
0.92,0.679,0.679,0.056,0.6,0.0
0.94,0.696,0.696,0.063,0.6,0.0
0.96,0.716,0.716,0.068,0.6,0.0
0.98,0.735,0.735,0.075,0.6,0.0
1.0,0.753,0.753,0.082,0.6,0.0
1.02,0.772,0.772,0.089,0.6,0.0
1.04,0.79,0.79,0.098,0.6,0.0
1.06,0.808,0.808,0.106,0.6,0.0
1.08,0.826,0.826,0.115,0.6,0.0
1.1,0.843,0.843,0.126,0.6,0.0
1.12,0.862,0.862,0.134,0.6,0.0
1.14,0.88,0.88,0.145,0.6,0.0
1.16,0.896,0.896,0.157,0.6,0.0
1.18,0.914,0.914,0.168,0.6,0.0
1.2,0.93,0.93,0.18,0.6,0.0
1.22,0.948,0.948,0.19,0.6,0.0
1.24,0.965,0.965,0.202,0.6,0.0
1.26,0.982,0.982,0.215,0.6,0.0
1.28,0.999,0.999,0.227,0.6,0.0
1.3,1.016,1.016,0.239,0.6,0.0
1.32,1.033,1.033,0.251,0.6,0.0
1.34,1.048,1.048,0.265,0.6,0.0
1.36,1.065,1.065,0.278,0.6,0.0
1.38,1.082,1.082,0.29,0.6,0.0
1.4,1.099,1.099,0.302,0.6,0.0
1.42,1.115,1.115,0.314,0.6,0.0
1.44,1.131,1.131,0.326,0.6,0.0
1.46,1.147,1.147,0.339,0.6,0.0
1.48,1.164,1.164,0.349,0.6,0.0
1.5,1.18,1.18,0.361,0.6,0.0
1.52,1.196,1.196,0.372,0.6,0.0
1.54,1.212,1.212,0.382,0.6,0.0
1.56,1.228,1.228,0.393,0.6,0.0
1.58,1.243,1.243,0.403,0.6,0.0
1.6,1.259,1.259,0.412,0.6,0.0
1.62,1.273,1.273,0.422,0.6,0.0
1.64,1.288,1.288,0.431,0.6,0.0
1.66,1.303,1.303,0.44,0.6,0.0
1.68,1.319,1.319,0.447,0.6,0.0
1.7,1.334,1.334,0.454,0.6,0.0
1.72,1.348,1.348,0.461,0.6,0.0
1.74,1.361,1.361,0.468,0.6,0.0
1.76,1.376,1.376,0.473,0.6,0.0
1.78,1.39,1.39,0.478,0.6,0.0
1.8,1.403,1.403,0.483,0.6,0.0
1.82,1.416,1.416,0.489,0.6,0.0
1.84,1.429,1.429,0.492,0.6,0.0
1.86,1.44,1.44,0.497,0.6,0.0
1.88,1.452,1.452,0.501,0.6,0.0
1.9,1.466,1.466,0.503,0.6,0.0
1.92,1.476,1.476,0.506,0.6,0.0
1.94,1.488,1.488,0.508,0.6,0.0
1.96,1.499,1.499,0.51,0.6,0.0
1.98,1.51,1.51,0.511,0.6,0.0
2.0,1.519,1.519,0.513,0.6,0.0
2.02,1.529,1.529,0.515,0.6,0.0
2.04,1.538,1.538,0.517,0.6,0.0
2.06,1.548,1.548,0.517,0.6,0.0
2.08,1.557,1.557,0.517,0.6,0.0
2.1,1.564,1.564,0.518,0.6,0.0
2.12,1.573,1.573,0.518,0.6,0.0
2.14,1.581,1.581,0.518,0.6,0.0
2.16,1.588,1.588,0.518,0.6,0.0
2.18,1.596,1.596,0.518,0.6,0.0
2.2,1.602,1.602,0.518,0.6,0.0
2.22,1.609,1.609,0.518,0.6,0.0
2.24,1.615,1.615,0.518,0.6,0.0
2.26,1.621,1.621,0.518,0.6,0.0
2.28,1.627,1.627,0.518,0.6,0.0
2.3,1.631,1.631,0.52,0.6,0.0
2.32,1.636,1.636,0.52,0.6,0.0
2.34,1.641,1.641,0.52,0.6,0.0
2.36,1.646,1.646,0.52,0.6,0.0
2.38,1.65,1.65,0.522,0.6,0.0
2.4,1.655,1.655,0.522,0.6,0.0
2.42,1.658,1.658,0.524,0.6,0.0
2.44,1.661,1.661,0.525,0.6,0.0
2.46,1.666,1.666,0.525,0.6,0.0
2.48,1.669,1.669,0.527,0.6,0.0
2.5,1.672,1.672,0.529,0.6,0.0
2.52,1.675,1.675,0.531,0.6,0.0
2.54,1.678,1.678,0.532,0.6,0.0
2.56,1.679,1.679,0.536,0.6,0.0
2.58,1.682,1.682,0.538,0.6,0.0
2.6,1.685,1.685,0.539,0.6,0.0
2.62,1.687,1.687,0.543,0.6,0.0
2.64,1.69,1.69,0.545,0.6,0.0
2.66,1.692,1.692,0.548,0.6,0.0
2.68,1.693,1.693,0.552,0.6,0.0
2.7,1.697,1.697,0.553,0.6,0.0
2.72,1.698,1.698,0.557,0.6,0.0
2.74,1.7,1.7,0.56,0.6,0.0
2.76,1.702,1.702,0.564,0.6,0.0
2.78,1.703,1.703,0.567,0.6,0.0
2.8,1.707,1.707,0.569,0.6,0.0
2.82,1.708,1.708,0.572,0.6,0.0
2.84,1.71,1.71,0.576,0.6,0.0
2.86,1.712,1.712,0.579,0.6,0.0
2.88,1.715,1.715,0.581,0.6,0.0
2.9,1.716,1.716,0.585,0.6,0.0
2.92,1.718,1.718,0.588,0.6,0.0
2.94,1.721,1.721,0.59,0.6,0.0
2.96,1.722,1.722,0.593,0.6,0.0
2.98,1.725,1.725,0.595,0.6,0.0
3.0,1.726,1.726,0.599,0.6,0.0
3.02,1.729,1.729,0.6,0.6,0.0
3.04,1.731,1.731,0.602,0.6,0.0
3.06,1.733,1.733,0.604,0.6,0.0
3.08,1.735,1.735,0.606,0.6,0.0
3.1,1.737,1.737,0.607,0.6,0.0
3.12,1.739,1.739,0.609,0.6,0.0
3.14,1.74,1.74,0.611,0.6,0.0
3.16,1.742,1.742,0.613,0.6,0.0
3.18,1.744,1.744,0.613,0.6,0.0
3.2,1.745,1.745,0.614,0.6,0.0
3.22,1.748,1.748,0.614,0.6,0.0
3.24,1.75,1.75,0.614,0.6,0.0
3.26,1.752,1.752,0.614,0.6,0.0
3.28,1.752,1.752,0.616,0.6,0.0
3.3,1.754,1.754,0.616,0.6,0.0
3.32,1.755,1.755,0.616,0.6,0.0
3.34,1.758,1.758,0.614,0.6,0.0
3.36,1.759,1.759,0.614,0.6,0.0
3.38,1.76,1.76,0.614,0.6,0.0
3.4,1.761,1.761,0.614,0.6,0.0
3.42,1.763,1.763,0.613,0.6,0.0
3.44,1.763,1.763,0.613,0.6,0.0
3.46,1.765,1.765,0.611,0.6,0.0
3.48,1.765,1.765,0.611,0.6,0.0
3.5,1.767,1.767,0.609,0.6,0.0
3.52,1.767,1.767,0.609,0.6,0.0
3.54,1.768,1.768,0.607,0.6,0.0
3.56,1.767,1.767,0.607,0.6,0.0
3.58,1.769,1.769,0.606,0.6,0.0
3.6,1.77,1.77,0.604,0.6,0.0
3.62,1.769,1.769,0.604,0.6,0.0
3.64,1.77,1.77,0.602,0.6,0.0
3.66,1.771,1.771,0.6,0.6,0.0
3.68,1.77,1.77,0.6,0.6,0.0
3.7,1.771,1.771,0.599,0.6,0.0
3.72,1.771,1.771,0.597,0.6,0.0
3.74,1.77,1.77,0.597,0.6,0.0
3.76,1.771,1.771,0.595,0.6,0.0
3.78,1.772,1.772,0.593,0.6,0.0
3.8,1.771,1.771,0.593,0.6,0.0
3.82,1.771,1.771,0.592,0.6,0.0
3.84,1.77,1.77,0.592,0.6,0.0
3.86,1.771,1.771,0.59,0.6,0.0
3.88,1.77,1.77,0.59,0.6,0.0
3.9,1.769,1.769,0.59,0.6,0.0
3.92,1.77,1.77,0.588,0.6,0.0
3.94,1.77,1.77,0.588,0.6,0.0
3.96,1.769,1.769,0.588,0.6,0.0
3.98,1.768,1.768,0.588,0.6,0.0
4.0,1.769,1.769,0.586,0.6,0.0
4.02,1.769,1.769,0.586,0.6,0.0
4.04,1.768,1.768,0.586,0.6,0.0
4.06,1.768,1.768,0.586,0.6,0.0
4.08,1.768,1.768,0.586,0.6,0.0
4.1,1.766,1.766,0.588,0.6,0.0
4.12,1.766,1.766,0.588,0.6,0.0
4.14,1.766,1.766,0.588,0.6,0.0
4.16,1.766,1.766,0.588,0.6,0.0
4.18,1.766,1.766,0.588,0.6,0.0
4.2,1.765,1.765,0.59,0.6,0.0
4.22,1.765,1.765,0.59,0.6,0.0
4.24,1.765,1.765,0.59,0.6,0.0
4.26,1.764,1.764,0.592,0.6,0.0
4.28,1.765,1.765,0.592,0.6,0.0
4.3,1.765,1.765,0.592,0.6,0.0
4.32,1.764,1.764,0.593,0.6,0.0
4.34,1.765,1.765,0.593,0.6,0.0
4.36,1.764,1.764,0.595,0.6,0.0
4.38,1.764,1.764,0.595,0.6,0.0
4.4,1.763,1.763,0.597,0.6,0.0
4.42,1.764,1.764,0.597,0.6,0.0
4.44,1.763,1.763,0.599,0.6,0.0
4.46,1.764,1.764,0.599,0.6,0.0
4.48,1.765,1.765,0.599,0.6,0.0
4.5,1.765,1.765,0.6,0.6,0.0
4.52,1.766,1.766,0.6,0.6,0.0
4.54,1.764,1.764,0.602,0.6,0.0
4.56,1.765,1.765,0.602,0.6,0.0
4.58,1.766,1.766,0.602,0.6,0.0
4.6,1.765,1.765,0.604,0.6,0.0
4.62,1.766,1.766,0.604,0.6,0.0
4.64,1.767,1.767,0.604,0.6,0.0
4.66,1.766,1.766,0.606,0.6,0.0
4.68,1.766,1.766,0.606,0.6,0.0
4.7,1.767,1.767,0.606,0.6,0.0
4.72,1.768,1.768,0.606,0.6,0.0
4.74,1.768,1.768,0.606,0.6,0.0
4.76,1.767,1.767,0.607,0.6,0.0
4.78,1.767,1.767,0.607,0.6,0.0
4.8,1.768,1.768,0.607,0.6,0.0
4.82,1.768,1.768,0.607,0.6,0.0
4.84,1.769,1.769,0.607,0.6,0.0
4.86,1.769,1.769,0.607,0.6,0.0
4.88,1.769,1.769,0.607,0.6,0.0
4.9,1.769,1.769,0.607,0.6,0.0
4.92,1.771,1.771,0.606,0.6,0.0
4.94,1.771,1.771,0.606,0.6,0.0
4.96,1.771,1.771,0.606,0.6,0.0
4.98,1.771,1.771,0.606,0.6,0.0
5.0,1.771,1.771,0.606,0.6,0.0
5.02,1.772,1.772,0.604,0.6,0.0
5.04,1.772,1.772,0.604,0.6,0.0
5.06,1.772,1.772,0.604,0.6,0.0
5.08,1.773,1.773,0.602,0.6,0.0
5.1,1.773,1.773,0.602,0.6,0.0
5.12,1.772,1.772,0.602,0.6,0.0
5.14,1.774,1.774,0.6,0.6,0.0
5.16,1.774,1.774,0.6,0.6,0.0
5.18,1.774,1.774,0.599,0.6,0.0
5.2,1.774,1.774,0.599,0.6,0.0
5.22,1.773,1.773,0.599,0.6,0.0
5.24,1.774,1.774,0.597,0.6,0.0
5.26,1.774,1.774,0.597,0.6,0.0
5.28,1.775,1.775,0.595,0.6,0.0
5.3,1.774,1.774,0.595,0.6,0.0
5.32,1.774,1.774,0.595,0.6,0.0
5.34,1.775,1.775,0.593,0.6,0.0
5.36,1.774,1.774,0.593,0.6,0.0
5.38,1.774,1.774,0.593,0.6,0.0
5.4,1.775,1.775,0.592,0.6,0.0
5.42,1.774,1.774,0.592,0.6,0.0
5.44,1.774,1.774,0.592,0.6,0.0
5.46,1.773,1.773,0.592,0.6,0.0
5.48,1.773,1.773,0.592,0.6,0.0
5.5,1.774,1.774,0.59,0.6,0.0
5.52,1.774,1.774,0.59,0.6,0.0
5.54,1.773,1.773,0.59,0.6,0.0
5.56,1.773,1.773,0.59,0.6,0.0
5.58,1.773,1.773,0.59,0.6,0.0
5.6,1.773,1.773,0.59,0.6,0.0
5.62,1.773,1.773,0.59,0.6,0.0
5.64,1.773,1.773,0.59,0.6,0.0
5.66,1.773,1.773,0.59,0.6,0.0
5.68,1.773,1.773,0.59,0.6,0.0
5.7,1.773,1.773,0.59,0.6,0.0
5.72,1.773,1.773,0.59,0.6,0.0
5.74,1.773,1.773,0.59,0.6,0.0
5.76,1.773,1.773,0.59,0.6,0.0
5.78,1.773,1.773,0.59,0.6,0.0
5.8,1.773,1.773,0.59,0.6,0.0
5.82,1.774,1.774,0.59,0.6,0.0
5.84,1.774,1.774,0.59,0.6,0.0
5.86,1.772,1.772,0.592,0.6,0.0
5.88,1.773,1.773,0.592,0.6,0.0
5.9,1.773,1.773,0.592,0.6,0.0
5.92,1.774,1.774,0.592,0.6,0.0
5.94,1.774,1.774,0.592,0.6,0.0
5.96,1.773,1.773,0.593,0.6,0.0
5.98,1.773,1.773,0.593,0.6,0.0
6.0,1.774,1.774,0.593,0.6,0.0
6.02,1.774,1.774,0.593,0.6,0.0
6.04,1.775,1.775,0.593,0.6,0.0
6.06,1.775,1.775,0.593,0.6,0.0
6.08,1.774,1.774,0.595,0.6,0.0
6.1,1.775,1.775,0.595,0.6,0.0
6.12,1.775,1.775,0.595,0.6,0.0
6.14,1.776,1.776,0.595,0.6,0.0
6.16,1.776,1.776,0.595,0.6,0.0
6.18,1.777,1.777,0.595,0.6,0.0
6.2,1.777,1.777,0.595,0.6,0.0
6.22,1.778,1.778,0.595,0.6,0.0
6.24,1.777,1.777,0.597,0.6,0.0
6.26,1.777,1.777,0.597,0.6,0.0
6.28,1.778,1.778,0.597,0.6,0.0
6.3,1.778,1.778,0.597,0.6,0.0
6.32,1.779,1.779,0.597,0.6,0.0
6.34,1.779,1.779,0.597,0.6,0.0
6.36,1.778,1.778,0.599,0.6,0.0
6.38,1.778,1.778,0.599,0.6,0.0
6.4,1.779,1.779,0.599,0.6,0.0
6.42,1.779,1.779,0.599,0.6,0.0
6.44,1.779,1.779,0.6,0.6,0.0
6.46,1.779,1.779,0.6,0.6,0.0
6.48,1.78,1.78,0.6,0.6,0.0
6.5,1.778,1.778,0.602,0.6,0.0
6.52,1.778,1.778,0.602,0.6,0.0
6.54,1.779,1.779,0.602,0.6,0.0
6.56,1.779,1.779,0.602,0.6,0.0
6.58,1.778,1.778,0.604,0.6,0.0
6.6,1.779,1.779,0.604,0.6,0.0
6.62,1.779,1.779,0.604,0.6,0.0
6.64,1.778,1.778,0.606,0.6,0.0
6.66,1.779,1.779,0.606,0.6,0.0
6.68,1.779,1.779,0.606,0.6,0.0
6.7,1.78,1.78,0.606,0.6,0.0
6.72,1.778,1.778,0.607,0.6,0.0
6.74,1.779,1.779,0.607,0.6,0.0
6.76,1.779,1.779,0.607,0.6,0.0
6.78,1.78,1.78,0.607,0.6,0.0
6.8,1.778,1.778,0.609,0.6,0.0
6.82,1.779,1.779,0.609,0.6,0.0
6.84,1.779,1.779,0.609,0.6,0.0
6.86,1.779,1.779,0.609,0.6,0.0
6.88,1.779,1.779,0.609,0.6,0.0
6.9,1.78,1.78,0.609,0.6,0.0
6.92,1.78,1.78,0.609,0.6,0.0
6.94,1.78,1.78,0.609,0.6,0.0
6.96,1.78,1.78,0.609,0.6,0.0
6.98,1.78,1.78,0.609,0.6,0.0
7.0,1.78,1.78,0.609,0.6,0.0
7.02,1.78,1.78,0.609,0.6,0.0
7.04,1.78,1.78,0.609,0.6,0.0
7.06,1.78,1.78,0.609,0.6,0.0
7.08,1.781,1.781,0.607,0.6,0.0
7.1,1.781,1.781,0.607,0.6,0.0
7.12,1.78,1.78,0.607,0.6,0.0
7.14,1.78,1.78,0.607,0.6,0.0
7.16,1.78,1.78,0.607,0.6,0.0
7.18,1.781,1.781,0.606,0.6,0.0
7.2,1.781,1.781,0.606,0.6,0.0
7.22,1.78,1.78,0.606,0.6,0.0
7.24,1.78,1.78,0.606,0.6,0.0
7.26,1.781,1.781,0.604,0.6,0.0
7.28,1.78,1.78,0.604,0.6,0.0
7.3,1.78,1.78,0.604,0.6,0.0
7.32,1.779,1.779,0.604,0.6,0.0
7.34,1.78,1.78,0.602,0.6,0.0
7.36,1.78,1.78,0.602,0.6,0.0
7.38,1.779,1.779,0.602,0.6,0.0
7.4,1.779,1.779,0.602,0.6,0.0
7.42,1.778,1.778,0.602,0.6,0.0
7.44,1.78,1.78,0.6,0.6,0.0
7.46,1.779,1.779,0.6,0.6,0.0
7.48,1.779,1.779,0.6,0.6,0.0
7.5,1.778,1.778,0.6,0.6,0.0
7.52,1.778,1.778,0.6,0.6,0.0
7.54,1.777,1.777,0.6,0.6,0.0
7.56,1.778,1.778,0.599,0.6,0.0
7.58,1.778,1.778,0.599,0.6,0.0
7.6,1.777,1.777,0.599,0.6,0.0
7.62,1.777,1.777,0.599,0.6,0.0
7.64,1.776,1.776,0.599,0.6,0.0
7.66,1.776,1.776,0.599,0.6,0.0
7.68,1.776,1.776,0.599,0.6,0.0
7.7,1.776,1.776,0.599,0.6,0.0
7.72,1.775,1.775,0.599,0.6,0.0
7.74,1.777,1.777,0.597,0.6,0.0
7.76,1.776,1.776,0.597,0.6,0.0
7.78,1.776,1.776,0.597,0.6,0.0
7.8,1.776,1.776,0.597,0.6,0.0
7.82,1.776,1.776,0.597,0.6,0.0
7.84,1.775,1.775,0.597,0.6,0.0
7.86,1.775,1.775,0.597,0.6,0.0
7.88,1.775,1.775,0.597,0.6,0.0
7.9,1.775,1.775,0.597,0.6,0.0
7.92,1.775,1.775,0.597,0.6,0.0
7.94,1.776,1.776,0.595,0.6,0.0
7.96,1.776,1.776,0.595,0.6,0.0
7.98,1.776,1.776,0.595,0.6,0.0
8.0,1.776,1.776,0.595,0.6,0.0
8.02,1.776,1.776,0.595,0.6,0.0
8.04,1.776,1.776,0.595,0.6,0.0
8.06,1.776,1.776,0.595,0.6,0.0
8.08,1.775,1.775,0.595,0.6,0.0
8.1,1.777,1.777,0.593,0.6,0.0
8.12,1.777,1.777,0.593,0.6,0.0
8.14,1.777,1.777,0.593,0.6,0.0
8.16,1.777,1.777,0.593,0.6,0.0
8.18,1.777,1.777,0.593,0.6,0.0
8.2,1.777,1.777,0.593,0.6,0.0
8.22,1.777,1.777,0.593,0.6,0.0
8.24,1.778,1.778,0.592,0.6,0.0
8.26,1.778,1.778,0.592,0.6,0.0
8.28,1.778,1.778,0.592,0.6,0.0
8.3,1.778,1.778,0.592,0.6,0.0
8.32,1.778,1.778,0.592,0.6,0.0
8.34,1.778,1.778,0.592,0.6,0.0
8.36,1.778,1.778,0.592,0.6,0.0
8.38,1.776,1.776,0.593,0.6,0.0
8.4,1.777,1.777,0.593,0.6,0.0
8.42,1.777,1.777,0.593,0.6,0.0
8.44,1.777,1.777,0.593,0.6,0.0
8.46,1.777,1.777,0.593,0.6,0.0
8.48,1.778,1.778,0.593,0.6,0.0
8.5,1.776,1.776,0.595,0.6,0.0
8.52,1.777,1.777,0.595,0.6,0.0
8.54,1.777,1.777,0.595,0.6,0.0
8.56,1.776,1.776,0.597,0.6,0.0
8.58,1.776,1.776,0.597,0.6,0.0
8.6,1.777,1.777,0.597,0.6,0.0
8.62,1.776,1.776,0.599,0.6,0.0
8.64,1.776,1.776,0.599,0.6,0.0
8.66,1.777,1.777,0.599,0.6,0.0
8.68,1.776,1.776,0.6,0.6,0.0
8.7,1.777,1.777,0.6,0.6,0.0
8.72,1.778,1.778,0.6,0.6,0.0
8.74,1.776,1.776,0.602,0.6,0.0
8.76,1.776,1.776,0.602,0.6,0.0
8.78,1.777,1.777,0.602,0.6,0.0
8.8,1.776,1.776,0.604,0.6,0.0
8.82,1.777,1.777,0.604,0.6,0.0
8.84,1.777,1.777,0.604,0.6,0.0
8.86,1.778,1.778,0.604,0.6,0.0
8.88,1.778,1.778,0.604,0.6,0.0
8.9,1.777,1.777,0.606,0.6,0.0
8.92,1.777,1.777,0.606,0.6,0.0
8.94,1.778,1.778,0.606,0.6,0.0
8.96,1.778,1.778,0.606,0.6,0.0
8.98,1.779,1.779,0.606,0.6,0.0
9.0,1.779,1.779,0.606,0.6,0.0
9.02,1.779,1.779,0.606,0.6,0.0
9.04,1.779,1.779,0.606,0.6,0.0
9.06,1.78,1.78,0.606,0.6,0.0
9.08,1.78,1.78,0.606,0.6,0.0
9.1,1.78,1.78,0.606,0.6,0.0
9.12,1.78,1.78,0.606,0.6,0.0
9.14,1.78,1.78,0.606,0.6,0.0
9.16,1.78,1.78,0.606,0.6,0.0
9.18,1.78,1.78,0.606,0.6,0.0
9.2,1.78,1.78,0.606,0.6,0.0
9.22,1.78,1.78,0.606,0.6,0.0
9.24,1.78,1.78,0.606,0.6,0.0
9.26,1.78,1.78,0.606,0.6,0.0
9.28,1.78,1.78,0.606,0.6,0.0
9.3,1.78,1.78,0.606,0.6,0.0
9.32,1.779,1.779,0.606,0.6,0.0
9.34,1.779,1.779,0.606,0.6,0.0
9.36,1.779,1.779,0.606,0.6,0.0
9.38,1.779,1.779,0.606,0.6,0.0
9.4,1.779,1.779,0.606,0.6,0.0
9.42,1.78,1.78,0.604,0.6,0.0
9.44,1.78,1.78,0.604,0.6,0.0
9.46,1.78,1.78,0.604,0.6,0.0
9.48,1.779,1.779,0.604,0.6,0.0
9.5,1.779,1.779,0.604,0.6,0.0
9.52,1.779,1.779,0.604,0.6,0.0
9.54,1.779,1.779,0.604,0.6,0.0
9.56,1.778,1.778,0.604,0.6,0.0
9.58,1.778,1.778,0.604,0.6,0.0
9.6,1.778,1.778,0.604,0.6,0.0
9.62,1.778,1.778,0.604,0.6,0.0
9.64,1.777,1.777,0.604,0.6,0.0
9.66,1.779,1.779,0.602,0.6,0.0
9.68,1.778,1.778,0.602,0.6,0.0
9.7,1.778,1.778,0.602,0.6,0.0
9.72,1.778,1.778,0.602,0.6,0.0
9.74,1.777,1.777,0.602,0.6,0.0
9.76,1.777,1.777,0.602,0.6,0.0
9.78,1.777,1.777,0.602,0.6,0.0
9.8,1.777,1.777,0.602,0.6,0.0
9.82,1.776,1.776,0.602,0.6,0.0
9.84,1.776,1.776,0.602,0.6,0.0
9.86,1.776,1.776,0.602,0.6,0.0
9.88,1.776,1.776,0.602,0.6,0.0
9.9,1.776,1.776,0.602,0.6,0.0
9.92,1.775,1.775,0.602,0.6,0.0
9.94,1.775,1.775,0.602,0.6,0.0
9.96,1.775,1.775,0.602,0.6,0.0
9.98,1.775,1.775,0.602,0.6,0.0
10.0,1.775,1.775,0.602,0.6,0.0
10.02,1.775,1.775,0.602,0.6,0.0
10.04,1.774,1.774,0.602,0.6,0.0
10.06,1.774,1.774,0.602,0.6,0.0
10.08,1.774,1.774,0.602,0.6,0.0
10.1,1.776,1.776,0.6,0.6,0.0
10.12,1.776,1.776,0.6,0.6,0.0
10.14,1.776,1.776,0.6,0.6,0.0
10.16,1.776,1.776,0.599,0.6,0.0
10.18,1.776,1.776,0.599,0.6,0.0
10.2,1.777,1.777,0.597,0.6,0.0
10.22,1.777,1.777,0.597,0.6,0.0
10.24,1.776,1.776,0.597,0.6,0.0
10.26,1.778,1.778,0.595,0.6,0.0
10.28,1.777,1.777,0.595,0.6,0.0
10.3,1.778,1.778,0.593,0.6,0.0
10.32,1.778,1.778,0.593,0.6,0.0
10.34,1.777,1.777,0.593,0.6,0.0
10.36,1.779,1.779,0.592,0.6,0.0
10.38,1.778,1.778,0.592,0.6,0.0
10.4,1.779,1.779,0.59,0.6,0.0
10.42,1.779,1.779,0.59,0.6,0.0
10.44,1.778,1.778,0.59,0.6,0.0
10.46,1.778,1.778,0.59,0.6,0.0
10.48,1.778,1.778,0.59,0.6,0.0
10.5,1.779,1.779,0.588,0.6,0.0
10.52,1.779,1.779,0.588,0.6,0.0
10.54,1.778,1.778,0.588,0.6,0.0
10.56,1.778,1.778,0.588,0.6,0.0
10.58,1.778,1.778,0.588,0.6,0.0
10.6,1.778,1.778,0.588,0.6,0.0
10.62,1.776,1.776,0.59,0.6,0.0
10.64,1.776,1.776,0.59,0.6,0.0
10.66,1.776,1.776,0.59,0.6,0.0
10.68,1.777,1.777,0.59,0.6,0.0
10.7,1.777,1.777,0.59,0.6,0.0
10.72,1.775,1.775,0.592,0.6,0.0
10.74,1.776,1.776,0.592,0.6,0.0
10.76,1.776,1.776,0.592,0.6,0.0
10.78,1.775,1.775,0.593,0.6,0.0
10.8,1.776,1.776,0.593,0.6,0.0
10.82,1.775,1.775,0.595,0.6,0.0
10.84,1.775,1.775,0.595,0.6,0.0
10.86,1.776,1.776,0.595,0.6,0.0
10.88,1.775,1.775,0.597,0.6,0.0
10.9,1.776,1.776,0.597,0.6,0.0
10.92,1.776,1.776,0.597,0.6,0.0
10.94,1.775,1.775,0.599,0.6,0.0
10.96,1.776,1.776,0.599,0.6,0.0
10.98,1.777,1.777,0.599,0.6,0.0
11.0,1.777,1.777,0.599,0.6,0.0
11.02,1.778,1.778,0.599,0.6,0.0
11.04,1.777,1.777,0.6,0.6,0.0
11.06,1.778,1.778,0.6,0.6,0.0
11.08,1.779,1.779,0.6,0.6,0.0
11.1,1.779,1.779,0.6,0.6,0.0
11.12,1.78,1.78,0.6,0.6,0.0
11.14,1.78,1.78,0.6,0.6,0.0
11.16,1.781,1.781,0.6,0.6,0.0
11.18,1.781,1.781,0.6,0.6,0.0
11.2,1.779,1.779,0.602,0.6,0.0
11.22,1.779,1.779,0.602,0.6,0.0
11.24,1.78,1.78,0.602,0.6,0.0
11.26,1.78,1.78,0.602,0.6,0.0
11.28,1.781,1.781,0.602,0.6,0.0
11.3,1.781,1.781,0.602,0.6,0.0
11.32,1.781,1.781,0.602,0.6,0.0
11.34,1.782,1.782,0.602,0.6,0.0
11.36,1.78,1.78,0.604,0.6,0.0
11.38,1.78,1.78,0.604,0.6,0.0
11.4,1.781,1.781,0.604,0.6,0.0
11.42,1.781,1.781,0.604,0.6,0.0
11.44,1.781,1.781,0.604,0.6,0.0
11.46,1.782,1.782,0.604,0.6,0.0
11.48,1.782,1.782,0.604,0.6,0.0
11.5,1.782,1.782,0.604,0.6,0.0
11.52,1.782,1.782,0.604,0.6,0.0
11.54,1.782,1.782,0.604,0.6,0.0
11.56,1.782,1.782,0.604,0.6,0.0
11.58,1.782,1.782,0.604,0.6,0.0
11.6,1.781,1.781,0.606,0.6,0.0
11.62,1.781,1.781,0.606,0.6,0.0
11.64,1.781,1.781,0.606,0.6,0.0
11.66,1.781,1.781,0.606,0.6,0.0
11.68,1.781,1.781,0.606,0.6,0.0
11.7,1.781,1.781,0.606,0.6,0.0
11.72,1.781,1.781,0.606,0.6,0.0
11.74,1.781,1.781,0.606,0.6,0.0
11.76,1.781,1.781,0.606,0.6,0.0
11.78,1.781,1.781,0.606,0.6,0.0
11.8,1.783,1.783,0.604,0.6,0.0
11.82,1.783,1.783,0.604,0.6,0.0
11.84,1.782,1.782,0.604,0.6,0.0
11.86,1.782,1.782,0.604,0.6,0.0
11.88,1.782,1.782,0.604,0.6,0.0
11.9,1.782,1.782,0.604,0.6,0.0
11.92,1.781,1.781,0.604,0.6,0.0
11.94,1.781,1.781,0.604,0.6,0.0
11.96,1.781,1.781,0.604,0.6,0.0
11.98,1.781,1.781,0.604,0.6,0.0
12.0,1.781,1.781,0.604,0.6,0.0
12.02,1.78,1.78,0.604,0.6,0.0
12.04,1.78,1.78,0.604,0.6,0.0
12.06,1.78,1.78,0.604,0.6,0.0
12.08,1.78,1.78,0.604,0.6,0.0
12.1,1.781,1.781,0.602,0.6,0.0
12.12,1.781,1.781,0.602,0.6,0.0
12.14,1.781,1.781,0.602,0.6,0.0
12.16,1.78,1.78,0.602,0.6,0.0
12.18,1.78,1.78,0.602,0.6,0.0
12.2,1.78,1.78,0.602,0.6,0.0
12.22,1.78,1.78,0.602,0.6,0.0
12.24,1.779,1.779,0.602,0.6,0.0
12.26,1.779,1.779,0.602,0.6,0.0
12.28,1.779,1.779,0.602,0.6,0.0
12.3,1.779,1.779,0.602,0.6,0.0
12.32,1.779,1.779,0.602,0.6,0.0
12.34,1.778,1.778,0.602,0.6,0.0
12.36,1.778,1.778,0.602,0.6,0.0
12.38,1.778,1.778,0.602,0.6,0.0
12.4,1.78,1.78,0.6,0.6,0.0
12.42,1.78,1.78,0.6,0.6,0.0
12.44,1.779,1.779,0.6,0.6,0.0
12.46,1.779,1.779,0.6,0.6,0.0
12.48,1.779,1.779,0.6,0.6,0.0
12.5,1.779,1.779,0.6,0.6,0.0
12.52,1.778,1.778,0.6,0.6,0.0
12.54,1.778,1.778,0.6,0.6,0.0
12.56,1.778,1.778,0.6,0.6,0.0
12.58,1.778,1.778,0.6,0.6,0.0
12.6,1.778,1.778,0.6,0.6,0.0
12.62,1.778,1.778,0.6,0.6,0.0
12.64,1.777,1.777,0.6,0.6,0.0
12.66,1.777,1.777,0.6,0.6,0.0
12.68,1.777,1.777,0.6,0.6,0.0
12.7,1.777,1.777,0.6,0.6,0.0
12.72,1.777,1.777,0.6,0.6,0.0
12.74,1.777,1.777,0.6,0.6,0.0
12.76,1.777,1.777,0.6,0.6,0.0
12.78,1.777,1.777,0.6,0.6,0.0
12.8,1.777,1.777,0.6,0.6,0.0
12.82,1.777,1.777,0.6,0.6,0.0
12.84,1.777,1.777,0.6,0.6,0.0
12.86,1.777,1.777,0.6,0.6,0.0
12.88,1.777,1.777,0.6,0.6,0.0
12.9,1.776,1.776,0.6,0.6,0.0
12.92,1.776,1.776,0.6,0.6,0.0
12.94,1.776,1.776,0.6,0.6,0.0
12.96,1.776,1.776,0.6,0.6,0.0
12.98,1.776,1.776,0.6,0.6,0.0
13.0,1.776,1.776,0.6,0.6,0.0
13.02,1.776,1.776,0.6,0.6,0.0
13.04,1.776,1.776,0.6,0.6,0.0
13.06,1.776,1.776,0.6,0.6,0.0
13.08,1.776,1.776,0.6,0.6,0.0
13.1,1.776,1.776,0.6,0.6,0.0
13.12,1.776,1.776,0.6,0.6,0.0
13.14,1.776,1.776,0.6,0.6,0.0
13.16,1.776,1.776,0.6,0.6,0.0
13.18,1.776,1.776,0.6,0.6,0.0
13.2,1.776,1.776,0.6,0.6,0.0
13.22,1.776,1.776,0.6,0.6,0.0
13.24,1.776,1.776,0.6,0.6,0.0
13.26,1.776,1.776,0.6,0.6,0.0
13.28,1.776,1.776,0.6,0.6,0.0
13.3,1.776,1.776,0.6,0.6,0.0
13.32,1.776,1.776,0.6,0.6,0.0
13.34,1.776,1.776,0.6,0.6,0.0
13.36,1.776,1.776,0.6,0.6,0.0
13.38,1.776,1.776,0.6,0.6,0.0
13.4,1.776,1.776,0.6,0.6,0.0
13.42,1.776,1.776,0.6,0.6,0.0
13.44,1.776,1.776,0.6,0.6,0.0
13.46,1.776,1.776,0.6,0.6,0.0
13.48,1.776,1.776,0.6,0.6,0.0
13.5,1.776,1.776,0.6,0.6,0.0
13.52,1.776,1.776,0.6,0.6,0.0
13.54,1.776,1.776,0.6,0.6,0.0
13.56,1.776,1.776,0.6,0.6,0.0
13.58,1.776,1.776,0.6,0.6,0.0
13.6,1.776,1.776,0.6,0.6,0.0
13.62,1.776,1.776,0.6,0.6,0.0
13.64,1.774,1.774,0.602,0.6,0.0
13.66,1.774,1.774,0.602,0.6,0.0
13.68,1.774,1.774,0.602,0.6,0.0
13.7,1.774,1.774,0.602,0.6,0.0
13.72,1.775,1.775,0.602,0.6,0.0
13.74,1.775,1.775,0.602,0.6,0.0
13.76,1.775,1.775,0.602,0.6,0.0
13.78,1.775,1.775,0.602,0.6,0.0
13.8,1.775,1.775,0.602,0.6,0.0
13.82,1.777,1.777,0.6,0.6,0.0
13.84,1.777,1.777,0.6,0.6,0.0
13.86,1.777,1.777,0.6,0.6,0.0
13.88,1.777,1.777,0.6,0.6,0.0
13.9,1.777,1.777,0.6,0.6,0.0
13.92,1.777,1.777,0.6,0.6,0.0
13.94,1.777,1.777,0.599,0.6,0.0
13.96,1.777,1.777,0.599,0.6,0.0
13.98,1.777,1.777,0.599,0.6,0.0
14.0,1.777,1.777,0.599,0.6,0.0
14.02,1.777,1.777,0.599,0.6,0.0
14.04,1.778,1.778,0.597,0.6,0.0
14.06,1.778,1.778,0.597,0.6,0.0
14.08,1.778,1.778,0.597,0.6,0.0
14.1,1.777,1.777,0.597,0.6,0.0
14.12,1.777,1.777,0.597,0.6,0.0
14.14,1.777,1.777,0.597,0.6,0.0
14.16,1.777,1.777,0.597,0.6,0.0
14.18,1.777,1.777,0.597,0.6,0.0
14.2,1.777,1.777,0.597,0.6,0.0
14.22,1.778,1.778,0.595,0.6,0.0
14.24,1.778,1.778,0.595,0.6,0.0
14.26,1.778,1.778,0.595,0.6,0.0
14.28,1.778,1.778,0.595,0.6,0.0
14.3,1.778,1.778,0.595,0.6,0.0
14.32,1.777,1.777,0.595,0.6,0.0
14.34,1.776,1.776,0.597,0.6,0.0
14.36,1.776,1.776,0.597,0.6,0.0
14.38,1.776,1.776,0.597,0.6,0.0
14.4,1.776,1.776,0.597,0.6,0.0
14.42,1.776,1.776,0.597,0.6,0.0
14.44,1.776,1.776,0.597,0.6,0.0
14.46,1.777,1.777,0.597,0.6,0.0
14.48,1.777,1.777,0.597,0.6,0.0
14.5,1.777,1.777,0.597,0.6,0.0
14.52,1.777,1.777,0.597,0.6,0.0
14.54,1.777,1.777,0.597,0.6,0.0
14.56,1.777,1.777,0.597,0.6,0.0
14.58,1.777,1.777,0.597,0.6,0.0
14.6,1.777,1.777,0.597,0.6,0.0
14.62,1.778,1.778,0.597,0.6,0.0
14.64,1.776,1.776,0.599,0.6,0.0
14.66,1.776,1.776,0.599,0.6,0.0
14.68,1.777,1.777,0.599,0.6,0.0
14.7,1.777,1.777,0.599,0.6,0.0
14.72,1.777,1.777,0.599,0.6,0.0
14.74,1.777,1.777,0.599,0.6,0.0
14.76,1.777,1.777,0.599,0.6,0.0
14.78,1.778,1.778,0.599,0.6,0.0
14.8,1.778,1.778,0.599,0.6,0.0
14.82,1.778,1.778,0.599,0.6,0.0
14.84,1.778,1.778,0.599,0.6,0.0
14.86,1.778,1.778,0.599,0.6,0.0
14.88,1.777,1.777,0.6,0.6,0.0
14.9,1.778,1.778,0.6,0.6,0.0
14.92,1.778,1.778,0.6,0.6,0.0
14.94,1.778,1.778,0.6,0.6,0.0
14.96,1.778,1.778,0.6,0.6,0.0
14.98,1.779,1.779,0.6,0.6,0.0
15.0,1.779,1.779,0.6,0.6,0.0
15.02,1.779,1.779,0.6,0.6,0.0
15.04,1.779,1.779,0.6,0.6,0.0
15.06,1.779,1.779,0.6,0.6,0.0
15.08,1.779,1.779,0.6,0.6,0.0
15.1,1.779,1.779,0.6,0.6,0.0
15.12,1.779,1.779,0.6,0.6,0.0
15.14,1.777,1.777,0.602,0.6,0.0
15.16,1.778,1.778,0.602,0.6,0.0
15.18,1.778,1.778,0.602,0.6,0.0
15.2,1.778,1.778,0.602,0.6,0.0
15.22,1.778,1.778,0.602,0.6,0.0
15.24,1.778,1.778,0.602,0.6,0.0
15.26,1.779,1.779,0.602,0.6,0.0
15.28,1.779,1.779,0.602,0.6,0.0
15.3,1.779,1.779,0.602,0.6,0.0
15.32,1.779,1.779,0.602,0.6,0.0
15.34,1.779,1.779,0.602,0.6,0.0
15.36,1.779,1.779,0.602,0.6,0.0
15.38,1.779,1.779,0.602,0.6,0.0
15.4,1.779,1.779,0.602,0.6,0.0
15.42,1.779,1.779,0.602,0.6,0.0
15.44,1.779,1.779,0.602,0.6,0.0
15.46,1.779,1.779,0.602,0.6,0.0
15.48,1.779,1.779,0.602,0.6,0.0
15.5,1.779,1.779,0.602,0.6,0.0
15.52,1.779,1.779,0.602,0.6,0.0
15.54,1.779,1.779,0.602,0.6,0.0
15.56,1.779,1.779,0.602,0.6,0.0
15.58,1.779,1.779,0.602,0.6,0.0
15.6,1.779,1.779,0.602,0.6,0.0
15.62,1.779,1.779,0.602,0.6,0.0
15.64,1.779,1.779,0.602,0.6,0.0
15.66,1.779,1.779,0.602,0.6,0.0
15.68,1.779,1.779,0.602,0.6,0.0
15.7,1.781,1.781,0.6,0.6,0.0
15.72,1.781,1.781,0.6,0.6,0.0
15.74,1.781,1.781,0.6,0.6,0.0
15.76,1.78,1.78,0.6,0.6,0.0
15.78,1.78,1.78,0.6,0.6,0.0
15.8,1.78,1.78,0.6,0.6,0.0
15.82,1.78,1.78,0.6,0.6,0.0
15.84,1.78,1.78,0.6,0.6,0.0
15.86,1.779,1.779,0.6,0.6,0.0
15.88,1.779,1.779,0.6,0.6,0.0
15.9,1.779,1.779,0.6,0.6,0.0
15.92,1.779,1.779,0.6,0.6,0.0
15.94,1.779,1.779,0.6,0.6,0.0
15.96,1.779,1.779,0.6,0.6,0.0
15.98,1.779,1.779,0.6,0.6,0.0
16.0,1.779,1.779,0.6,0.6,0.0
16.02,1.779,1.779,0.6,0.6,0.0
16.04,1.779,1.779,0.6,0.6,0.0
16.06,1.779,1.779,0.6,0.6,0.0
16.08,1.78,1.78,0.599,0.6,0.0
16.1,1.779,1.779,0.599,0.6,0.0
16.12,1.779,1.779,0.599,0.6,0.0
16.14,1.779,1.779,0.599,0.6,0.0
16.16,1.779,1.779,0.599,0.6,0.0
16.18,1.779,1.779,0.599,0.6,0.0
16.2,1.779,1.779,0.599,0.6,0.0
16.22,1.779,1.779,0.599,0.6,0.0
16.24,1.779,1.779,0.599,0.6,0.0
16.26,1.779,1.779,0.599,0.6,0.0
16.28,1.778,1.778,0.599,0.6,0.0
16.3,1.778,1.778,0.599,0.6,0.0
16.32,1.778,1.778,0.599,0.6,0.0
16.34,1.778,1.778,0.599,0.6,0.0
16.36,1.778,1.778,0.599,0.6,0.0
16.38,1.778,1.778,0.599,0.6,0.0
16.4,1.778,1.778,0.599,0.6,0.0
16.42,1.778,1.778,0.599,0.6,0.0
16.44,1.778,1.778,0.599,0.6,0.0
16.46,1.778,1.778,0.599,0.6,0.0
16.48,1.778,1.778,0.599,0.6,0.0
16.5,1.778,1.778,0.599,0.6,0.0
16.52,1.778,1.778,0.599,0.6,0.0
16.54,1.778,1.778,0.599,0.6,0.0
16.56,1.779,1.779,0.599,0.6,0.0
16.58,1.779,1.779,0.599,0.6,0.0
16.6,1.779,1.779,0.599,0.6,0.0
16.62,1.779,1.779,0.599,0.6,0.0
16.64,1.779,1.779,0.599,0.6,0.0
16.66,1.779,1.779,0.599,0.6,0.0
16.68,1.779,1.779,0.599,0.6,0.0
16.7,1.779,1.779,0.599,0.6,0.0
16.72,1.779,1.779,0.599,0.6,0.0
16.74,1.779,1.779,0.599,0.6,0.0
16.76,1.779,1.779,0.599,0.6,0.0
16.78,1.779,1.779,0.599,0.6,0.0
16.8,1.779,1.779,0.599,0.6,0.0
16.82,1.779,1.779,0.599,0.6,0.0
16.84,1.779,1.779,0.599,0.6,0.0
16.86,1.779,1.779,0.599,0.6,0.0
16.88,1.779,1.779,0.599,0.6,0.0
16.9,1.781,1.781,0.597,0.6,0.0
16.92,1.781,1.781,0.597,0.6,0.0
16.94,1.781,1.781,0.597,0.6,0.0
16.96,1.781,1.781,0.597,0.6,0.0
16.98,1.781,1.781,0.597,0.6,0.0
17.0,1.78,1.78,0.597,0.6,0.0
17.02,1.78,1.78,0.597,0.6,0.0
17.04,1.78,1.78,0.597,0.6,0.0
17.06,1.78,1.78,0.597,0.6,0.0
17.08,1.782,1.782,0.595,0.6,0.0
17.1,1.782,1.782,0.595,0.6,0.0
17.12,1.782,1.782,0.595,0.6,0.0
17.14,1.782,1.782,0.595,0.6,0.0
17.16,1.782,1.782,0.595,0.6,0.0
17.18,1.782,1.782,0.595,0.6,0.0
17.2,1.782,1.782,0.595,0.6,0.0
17.22,1.783,1.783,0.593,0.6,0.0
17.24,1.783,1.783,0.593,0.6,0.0
17.26,1.783,1.783,0.593,0.6,0.0
17.28,1.783,1.783,0.593,0.6,0.0
17.3,1.783,1.783,0.593,0.6,0.0
17.32,1.783,1.783,0.593,0.6,0.0
17.34,1.783,1.783,0.593,0.6,0.0
17.36,1.783,1.783,0.593,0.6,0.0
17.38,1.785,1.785,0.592,0.6,0.0
17.4,1.784,1.784,0.592,0.6,0.0
17.42,1.784,1.784,0.592,0.6,0.0
17.44,1.784,1.784,0.592,0.6,0.0
17.46,1.784,1.784,0.592,0.6,0.0
17.48,1.784,1.784,0.592,0.6,0.0
17.5,1.784,1.784,0.592,0.6,0.0
17.52,1.784,1.784,0.592,0.6,0.0
17.54,1.785,1.785,0.592,0.6,0.0
17.56,1.785,1.785,0.592,0.6,0.0
17.58,1.785,1.785,0.592,0.6,0.0
17.6,1.785,1.785,0.592,0.6,0.0
17.62,1.787,1.787,0.59,0.6,0.0
17.64,1.787,1.787,0.59,0.6,0.0
17.66,1.787,1.787,0.59,0.6,0.0
17.68,1.787,1.787,0.59,0.6,0.0
17.7,1.787,1.787,0.59,0.6,0.0
17.72,1.787,1.787,0.59,0.6,0.0
17.74,1.787,1.787,0.59,0.6,0.0
17.76,1.786,1.786,0.592,0.6,0.0
17.78,1.786,1.786,0.592,0.6,0.0
17.8,1.787,1.787,0.592,0.6,0.0
17.82,1.787,1.787,0.592,0.6,0.0
17.84,1.787,1.787,0.592,0.6,0.0
17.86,1.788,1.788,0.592,0.6,0.0
17.88,1.788,1.788,0.592,0.6,0.0
17.9,1.787,1.787,0.593,0.6,0.0
17.92,1.787,1.787,0.593,0.6,0.0
17.94,1.788,1.788,0.593,0.6,0.0
17.96,1.788,1.788,0.593,0.6,0.0
17.98,1.789,1.789,0.593,0.6,0.0
18.0,1.788,1.788,0.595,0.6,0.0
18.02,1.788,1.788,0.595,0.6,0.0
18.04,1.789,1.789,0.595,0.6,0.0
18.06,1.788,1.788,0.597,0.6,0.0
18.08,1.788,1.788,0.597,0.6,0.0
18.1,1.789,1.789,0.597,0.6,0.0
18.12,1.79,1.79,0.597,0.6,0.0
18.14,1.788,1.788,0.599,0.6,0.0
18.16,1.789,1.789,0.599,0.6,0.0
18.18,1.79,1.79,0.599,0.6,0.0
18.2,1.79,1.79,0.599,0.6,0.0
18.22,1.79,1.79,0.6,0.6,0.0
18.24,1.79,1.79,0.6,0.6,0.0
18.26,1.791,1.791,0.6,0.6,0.0
18.28,1.791,1.791,0.6,0.6,0.0
18.3,1.792,1.792,0.6,0.6,0.0
18.32,1.79,1.79,0.602,0.6,0.0
18.34,1.791,1.791,0.602,0.6,0.0
18.36,1.791,1.791,0.602,0.6,0.0
18.38,1.792,1.792,0.602,0.6,0.0
18.4,1.792,1.792,0.602,0.6,0.0
18.42,1.792,1.792,0.602,0.6,0.0
18.44,1.791,1.791,0.604,0.6,0.0
18.46,1.792,1.792,0.604,0.6,0.0
18.48,1.792,1.792,0.604,0.6,0.0
18.5,1.792,1.792,0.604,0.6,0.0
18.52,1.793,1.793,0.604,0.6,0.0
18.54,1.793,1.793,0.604,0.6,0.0
18.56,1.793,1.793,0.604,0.6,0.0
18.58,1.793,1.793,0.604,0.6,0.0
18.6,1.794,1.794,0.604,0.6,0.0
18.62,1.794,1.794,0.604,0.6,0.0
18.64,1.794,1.794,0.604,0.6,0.0
18.66,1.794,1.794,0.604,0.6,0.0
18.68,1.794,1.794,0.604,0.6,0.0
18.7,1.794,1.794,0.604,0.6,0.0
18.72,1.794,1.794,0.604,0.6,0.0
18.74,1.794,1.794,0.604,0.6,0.0
18.76,1.794,1.794,0.604,0.6,0.0
18.78,1.796,1.796,0.602,0.6,0.0
18.8,1.796,1.796,0.602,0.6,0.0
18.82,1.795,1.795,0.602,0.6,0.0
18.84,1.795,1.795,0.602,0.6,0.0
18.86,1.795,1.795,0.602,0.6,0.0
18.88,1.795,1.795,0.602,0.6,0.0
18.9,1.795,1.795,0.602,0.6,0.0
18.92,1.797,1.797,0.6,0.6,0.0
18.94,1.796,1.796,0.6,0.6,0.0
18.96,1.796,1.796,0.6,0.6,0.0
18.98,1.796,1.796,0.6,0.6,0.0
19.0,1.796,1.796,0.6,0.6,0.0
19.02,1.796,1.796,0.599,0.6,0.0
19.04,1.796,1.796,0.599,0.6,0.0
19.06,1.796,1.796,0.599,0.6,0.0
19.08,1.795,1.795,0.599,0.6,0.0
19.1,1.797,1.797,0.597,0.6,0.0
19.12,1.796,1.796,0.597,0.6,0.0
19.14,1.796,1.796,0.597,0.6,0.0
19.16,1.796,1.796,0.597,0.6,0.0
19.18,1.797,1.797,0.595,0.6,0.0
19.2,1.797,1.797,0.595,0.6,0.0
19.22,1.796,1.796,0.595,0.6,0.0
19.24,1.796,1.796,0.595,0.6,0.0
19.26,1.796,1.796,0.595,0.6,0.0
19.28,1.796,1.796,0.595,0.6,0.0
19.3,1.797,1.797,0.593,0.6,0.0
19.32,1.797,1.797,0.593,0.6,0.0
19.34,1.796,1.796,0.593,0.6,0.0
19.36,1.796,1.796,0.593,0.6,0.0
19.38,1.796,1.796,0.593,0.6,0.0
19.4,1.796,1.796,0.593,0.6,0.0
19.42,1.796,1.796,0.593,0.6,0.0
19.44,1.796,1.796,0.593,0.6,0.0
19.46,1.796,1.796,0.593,0.6,0.0
19.48,1.796,1.796,0.593,0.6,0.0
19.5,1.796,1.796,0.593,0.6,0.0
19.52,1.796,1.796,0.593,0.6,0.0
19.54,1.796,1.796,0.593,0.6,0.0
19.56,1.796,1.796,0.593,0.6,0.0
19.58,1.796,1.796,0.593,0.6,0.0
19.6,1.796,1.796,0.593,0.6,0.0
19.62,1.796,1.796,0.593,0.6,0.0
19.64,1.796,1.796,0.593,0.6,0.0
19.66,1.796,1.796,0.593,0.6,0.0
19.68,1.797,1.797,0.593,0.6,0.0
19.7,1.797,1.797,0.593,0.6,0.0
19.72,1.797,1.797,0.593,0.6,0.0
19.74,1.797,1.797,0.593,0.6,0.0
19.76,1.796,1.796,0.595,0.6,0.0
19.78,1.796,1.796,0.595,0.6,0.0
19.8,1.796,1.796,0.595,0.6,0.0
19.82,1.797,1.797,0.595,0.6,0.0
19.84,1.797,1.797,0.595,0.6,0.0
19.86,1.797,1.797,0.595,0.6,0.0
19.88,1.798,1.798,0.595,0.6,0.0
19.9,1.798,1.798,0.595,0.6,0.0
19.92,1.797,1.797,0.597,0.6,0.0
19.94,1.797,1.797,0.597,0.6,0.0
19.96,1.797,1.797,0.597,0.6,0.0
19.98,1.798,1.798,0.597,0.6,0.0
20.0,1.798,1.798,0.597,0.6,0.0
20.02,1.799,1.799,0.597,0.6,0.0
20.04,1.999,1.799,0.597,0.6,0.2
20.06,1.999,1.799,0.597,0.6,0.2
20.08,1.999,1.799,0.597,0.6,0.2
20.1,1.998,1.798,0.599,0.6,0.2
20.12,1.999,1.799,0.599,0.6,0.2
20.14,1.998,1.798,0.6,0.6,0.2
20.16,1.998,1.798,0.6,0.6,0.2
20.18,1.997,1.797,0.602,0.6,0.2
20.2,1.996,1.796,0.604,0.6,0.2
20.22,1.993,1.793,0.607,0.6,0.2
20.24,1.991,1.791,0.611,0.6,0.2
20.26,1.99,1.79,0.613,0.6,0.2
20.28,1.988,1.788,0.616,0.6,0.2
20.3,1.984,1.784,0.621,0.6,0.2
20.32,1.983,1.783,0.625,0.6,0.2
20.34,1.98,1.78,0.63,0.6,0.2
20.36,1.979,1.779,0.634,0.6,0.2
20.38,1.976,1.776,0.639,0.6,0.2
20.4,1.973,1.773,0.644,0.6,0.2
20.42,1.971,1.771,0.649,0.6,0.2
20.44,1.967,1.767,0.656,0.6,0.2
20.46,1.965,1.765,0.661,0.6,0.2
20.48,1.963,1.763,0.667,0.6,0.2
20.5,1.959,1.759,0.674,0.6,0.2
20.52,1.957,1.757,0.679,0.6,0.2
20.54,1.956,1.756,0.684,0.6,0.2
20.56,1.954,1.754,0.689,0.6,0.2
20.58,1.952,1.752,0.695,0.6,0.2
20.6,1.95,1.75,0.7,0.6,0.2
20.62,1.948,1.748,0.705,0.6,0.2
20.64,1.946,1.746,0.71,0.6,0.2
20.66,1.943,1.743,0.716,0.6,0.2
20.68,1.943,1.743,0.719,0.6,0.2
20.7,1.94,1.74,0.724,0.6,0.2
20.72,1.939,1.739,0.728,0.6,0.2
20.74,1.937,1.737,0.731,0.6,0.2
20.76,1.937,1.737,0.733,0.6,0.2
20.78,1.935,1.735,0.737,0.6,0.2
20.8,1.934,1.734,0.738,0.6,0.2
20.82,1.933,1.733,0.74,0.6,0.2
20.84,1.932,1.732,0.742,0.6,0.2
20.86,1.932,1.732,0.742,0.6,0.2
20.88,1.931,1.731,0.742,0.6,0.2
20.9,1.93,1.73,0.742,0.6,0.2
20.92,1.928,1.728,0.742,0.6,0.2
20.94,1.928,1.728,0.74,0.6,0.2
20.96,1.927,1.727,0.738,0.6,0.2
20.98,1.926,1.726,0.737,0.6,0.2
21.0,1.924,1.724,0.735,0.6,0.2
21.02,1.924,1.724,0.731,0.6,0.2
21.04,1.923,1.723,0.728,0.6,0.2
21.06,1.922,1.722,0.724,0.6,0.2
21.08,1.922,1.722,0.719,0.6,0.2
21.1,1.92,1.72,0.716,0.6,0.2
21.12,1.919,1.719,0.71,0.6,0.2
21.14,1.918,1.718,0.705,0.6,0.2
21.16,1.916,1.716,0.7,0.6,0.2
21.18,1.914,1.714,0.695,0.6,0.2
21.2,1.914,1.714,0.688,0.6,0.2
21.22,1.911,1.711,0.682,0.6,0.2
21.24,1.91,1.71,0.675,0.6,0.2
21.26,1.907,1.707,0.67,0.6,0.2
21.28,1.906,1.706,0.663,0.6,0.2
21.3,1.904,1.704,0.656,0.6,0.2
21.32,1.901,1.701,0.651,0.6,0.2
21.34,1.899,1.699,0.644,0.6,0.2
21.36,1.897,1.697,0.637,0.6,0.2
21.38,1.893,1.693,0.632,0.6,0.2
21.4,1.891,1.691,0.625,0.6,0.2
21.42,1.888,1.688,0.62,0.6,0.2
21.44,1.886,1.686,0.613,0.6,0.2
21.46,1.883,1.683,0.607,0.6,0.2
21.48,1.879,1.679,0.602,0.6,0.2
21.5,1.876,1.676,0.597,0.6,0.2
21.52,1.874,1.674,0.592,0.6,0.2
21.54,1.871,1.671,0.586,0.6,0.2
21.56,1.867,1.667,0.583,0.6,0.2
21.58,1.865,1.665,0.578,0.6,0.2
21.6,1.861,1.661,0.574,0.6,0.2
21.62,1.856,1.656,0.572,0.6,0.2
21.64,1.853,1.653,0.569,0.6,0.2
21.66,1.851,1.651,0.565,0.6,0.2
21.68,1.847,1.647,0.564,0.6,0.2
21.7,1.844,1.644,0.562,0.6,0.2
21.72,1.839,1.639,0.562,0.6,0.2
21.74,1.837,1.637,0.56,0.6,0.2
21.76,1.833,1.633,0.56,0.6,0.2
21.78,1.83,1.63,0.56,0.6,0.2
21.8,1.827,1.627,0.56,0.6,0.2
21.82,1.825,1.625,0.56,0.6,0.2
21.84,1.823,1.623,0.56,0.6,0.2
21.86,1.819,1.619,0.562,0.6,0.2
21.88,1.816,1.616,0.564,0.6,0.2
21.9,1.814,1.614,0.565,0.6,0.2
21.92,1.812,1.612,0.567,0.6,0.2
21.94,1.81,1.61,0.569,0.6,0.2
21.96,1.807,1.607,0.572,0.6,0.2
21.98,1.806,1.606,0.574,0.6,0.2
22.0,1.803,1.603,0.578,0.6,0.2
22.02,1.801,1.601,0.581,0.6,0.2
22.04,1.799,1.599,0.585,0.6,0.2
22.06,1.799,1.599,0.586,0.6,0.2
22.08,1.798,1.598,0.59,0.6,0.2
22.1,1.797,1.597,0.593,0.6,0.2
22.12,1.796,1.596,0.597,0.6,0.2
22.14,1.795,1.595,0.6,0.6,0.2
22.16,1.794,1.594,0.604,0.6,0.2
22.18,1.793,1.593,0.607,0.6,0.2
22.2,1.795,1.595,0.609,0.6,0.2
22.22,1.794,1.594,0.613,0.6,0.2
22.24,1.793,1.593,0.616,0.6,0.2
22.26,1.795,1.595,0.618,0.6,0.2
22.28,1.794,1.594,0.621,0.6,0.2
22.3,1.795,1.595,0.623,0.6,0.2
22.32,1.794,1.594,0.627,0.6,0.2
22.34,1.795,1.595,0.628,0.6,0.2
22.36,1.796,1.596,0.63,0.6,0.2
22.38,1.797,1.597,0.632,0.6,0.2
22.4,1.799,1.599,0.632,0.6,0.2
22.42,1.799,1.599,0.634,0.6,0.2
22.44,1.801,1.601,0.634,0.6,0.2
22.46,1.801,1.601,0.635,0.6,0.2
22.48,1.802,1.602,0.635,0.6,0.2
22.5,1.803,1.603,0.635,0.6,0.2
22.52,1.804,1.604,0.635,0.6,0.2
22.54,1.805,1.605,0.635,0.6,0.2
22.56,1.807,1.607,0.634,0.6,0.2
22.58,1.807,1.607,0.634,0.6,0.2
22.6,1.809,1.609,0.632,0.6,0.2
22.62,1.809,1.609,0.632,0.6,0.2
22.64,1.81,1.61,0.63,0.6,0.2
22.66,1.811,1.611,0.628,0.6,0.2
22.68,1.812,1.612,0.627,0.6,0.2
22.7,1.813,1.613,0.625,0.6,0.2
22.72,1.813,1.613,0.623,0.6,0.2
22.74,1.813,1.613,0.621,0.6,0.2
22.76,1.815,1.615,0.618,0.6,0.2
22.78,1.815,1.615,0.616,0.6,0.2
22.8,1.815,1.615,0.614,0.6,0.2
22.82,1.815,1.615,0.613,0.6,0.2
22.84,1.816,1.616,0.609,0.6,0.2
22.86,1.815,1.615,0.607,0.6,0.2
22.88,1.815,1.615,0.606,0.6,0.2
22.9,1.814,1.614,0.604,0.6,0.2
22.92,1.816,1.616,0.6,0.6,0.2
22.94,1.815,1.615,0.599,0.6,0.2
22.96,1.814,1.614,0.597,0.6,0.2
22.98,1.813,1.613,0.595,0.6,0.2
23.0,1.813,1.613,0.593,0.6,0.2
23.02,1.812,1.612,0.592,0.6,0.2
23.04,1.812,1.612,0.59,0.6,0.2
23.06,1.811,1.611,0.588,0.6,0.2
23.08,1.809,1.609,0.588,0.6,0.2
23.1,1.809,1.609,0.586,0.6,0.2
23.12,1.809,1.609,0.585,0.6,0.2
23.14,1.807,1.607,0.585,0.6,0.2
23.16,1.806,1.606,0.585,0.6,0.2
23.18,1.806,1.606,0.583,0.6,0.2
23.2,1.805,1.605,0.583,0.6,0.2
23.22,1.803,1.603,0.583,0.6,0.2
23.24,1.802,1.602,0.583,0.6,0.2
23.26,1.802,1.602,0.583,0.6,0.2
23.28,1.801,1.601,0.583,0.6,0.2
23.3,1.8,1.6,0.583,0.6,0.2
23.32,1.8,1.6,0.583,0.6,0.2
23.34,1.799,1.599,0.583,0.6,0.2
23.36,1.797,1.597,0.585,0.6,0.2
23.38,1.797,1.597,0.585,0.6,0.2
23.4,1.797,1.597,0.585,0.6,0.2
23.42,1.796,1.596,0.586,0.6,0.2
23.44,1.796,1.596,0.586,0.6,0.2
23.46,1.795,1.595,0.588,0.6,0.2
23.48,1.795,1.595,0.588,0.6,0.2
23.5,1.794,1.594,0.59,0.6,0.2
23.52,1.795,1.595,0.59,0.6,0.2
23.54,1.794,1.594,0.592,0.6,0.2
23.56,1.795,1.595,0.592,0.6,0.2
23.58,1.794,1.594,0.593,0.6,0.2
23.6,1.793,1.593,0.595,0.6,0.2
23.62,1.794,1.594,0.595,0.6,0.2
23.64,1.793,1.593,0.597,0.6,0.2
23.66,1.795,1.595,0.597,0.6,0.2
23.68,1.794,1.594,0.599,0.6,0.2
23.7,1.795,1.595,0.599,0.6,0.2
23.72,1.795,1.595,0.6,0.6,0.2
23.74,1.794,1.594,0.602,0.6,0.2
23.76,1.795,1.595,0.602,0.6,0.2
23.78,1.796,1.596,0.602,0.6,0.2
23.8,1.795,1.595,0.604,0.6,0.2
23.82,1.796,1.596,0.604,0.6,0.2
23.84,1.795,1.595,0.606,0.6,0.2
23.86,1.796,1.596,0.606,0.6,0.2
23.88,1.797,1.597,0.606,0.6,0.2
23.9,1.796,1.596,0.607,0.6,0.2
23.92,1.797,1.597,0.607,0.6,0.2
23.94,1.798,1.598,0.607,0.6,0.2
23.96,1.799,1.599,0.607,0.6,0.2
23.98,1.799,1.599,0.607,0.6,0.2
24.0,1.8,1.6,0.607,0.6,0.2
24.02,1.8,1.6,0.607,0.6,0.2
24.04,1.801,1.601,0.607,0.6,0.2
24.06,1.801,1.601,0.607,0.6,0.2
24.08,1.801,1.601,0.607,0.6,0.2
24.1,1.801,1.601,0.607,0.6,0.2
24.12,1.801,1.601,0.607,0.6,0.2
24.14,1.803,1.603,0.606,0.6,0.2
24.16,1.803,1.603,0.606,0.6,0.2
24.18,1.803,1.603,0.606,0.6,0.2
24.2,1.803,1.603,0.606,0.6,0.2
24.22,1.804,1.604,0.604,0.6,0.2
24.24,1.804,1.604,0.604,0.6,0.2
24.26,1.806,1.606,0.602,0.6,0.2
24.28,1.805,1.605,0.602,0.6,0.2
24.3,1.807,1.607,0.6,0.6,0.2
24.32,1.806,1.606,0.6,0.6,0.2
24.34,1.807,1.607,0.599,0.6,0.2
24.36,1.806,1.606,0.599,0.6,0.2
24.38,1.806,1.606,0.599,0.6,0.2
24.4,1.807,1.607,0.597,0.6,0.2
24.42,1.806,1.606,0.597,0.6,0.2
24.44,1.807,1.607,0.595,0.6,0.2
24.46,1.807,1.607,0.595,0.6,0.2
24.48,1.808,1.608,0.593,0.6,0.2
24.5,1.807,1.607,0.593,0.6,0.2
24.52,1.808,1.608,0.592,0.6,0.2
24.54,1.807,1.607,0.592,0.6,0.2
24.56,1.807,1.607,0.592,0.6,0.2
24.58,1.808,1.608,0.59,0.6,0.2
24.6,1.807,1.607,0.59,0.6,0.2
24.62,1.807,1.607,0.59,0.6,0.2
24.64,1.808,1.608,0.588,0.6,0.2
24.66,1.807,1.607,0.588,0.6,0.2
24.68,1.807,1.607,0.588,0.6,0.2
24.7,1.806,1.606,0.588,0.6,0.2
24.72,1.806,1.606,0.588,0.6,0.2
24.74,1.806,1.606,0.588,0.6,0.2
24.76,1.807,1.607,0.586,0.6,0.2
24.78,1.807,1.607,0.586,0.6,0.2
24.8,1.807,1.607,0.586,0.6,0.2
24.82,1.807,1.607,0.586,0.6,0.2
24.84,1.805,1.605,0.588,0.6,0.2
24.86,1.805,1.605,0.588,0.6,0.2
24.88,1.805,1.605,0.588,0.6,0.2
24.9,1.805,1.605,0.588,0.6,0.2
24.92,1.806,1.606,0.588,0.6,0.2
24.94,1.806,1.606,0.588,0.6,0.2
24.96,1.805,1.605,0.59,0.6,0.2
24.98,1.805,1.605,0.59,0.6,0.2
25.0,1.806,1.606,0.59,0.6,0.2
25.02,1.806,1.606,0.59,0.6,0.2
25.04,1.805,1.605,0.592,0.6,0.2
25.06,1.805,1.605,0.592,0.6,0.2
25.08,1.804,1.604,0.593,0.6,0.2
25.1,1.805,1.605,0.593,0.6,0.2
25.12,1.806,1.606,0.593,0.6,0.2
25.14,1.805,1.605,0.595,0.6,0.2
25.16,1.806,1.606,0.595,0.6,0.2
25.18,1.805,1.605,0.597,0.6,0.2
25.2,1.805,1.605,0.597,0.6,0.2
25.22,1.806,1.606,0.597,0.6,0.2
25.24,1.805,1.605,0.599,0.6,0.2
25.26,1.806,1.606,0.599,0.6,0.2
25.28,1.807,1.607,0.599,0.6,0.2
25.3,1.807,1.607,0.6,0.6,0.2
25.32,1.808,1.608,0.6,0.6,0.2
25.34,1.808,1.608,0.6,0.6,0.2
25.36,1.809,1.609,0.6,0.6,0.2
25.38,1.807,1.607,0.602,0.6,0.2
25.4,1.808,1.608,0.602,0.6,0.2
25.42,1.809,1.609,0.602,0.6,0.2
25.44,1.808,1.608,0.604,0.6,0.2
25.46,1.808,1.608,0.604,0.6,0.2
25.48,1.809,1.609,0.604,0.6,0.2
25.5,1.81,1.61,0.604,0.6,0.2
25.52,1.81,1.61,0.604,0.6,0.2
25.54,1.809,1.609,0.606,0.6,0.2
25.56,1.809,1.609,0.606,0.6,0.2
25.58,1.81,1.61,0.606,0.6,0.2
25.6,1.81,1.61,0.606,0.6,0.2
25.62,1.809,1.609,0.607,0.6,0.2
25.64,1.81,1.61,0.607,0.6,0.2
25.66,1.81,1.61,0.607,0.6,0.2
25.68,1.81,1.61,0.607,0.6,0.2
25.7,1.811,1.611,0.607,0.6,0.2
25.72,1.809,1.609,0.609,0.6,0.2
25.74,1.81,1.61,0.609,0.6,0.2
25.76,1.81,1.61,0.609,0.6,0.2
25.78,1.81,1.61,0.609,0.6,0.2
25.8,1.81,1.61,0.609,0.6,0.2
25.82,1.809,1.609,0.611,0.6,0.2
25.84,1.809,1.609,0.611,0.6,0.2
25.86,1.809,1.609,0.611,0.6,0.2
25.88,1.809,1.609,0.611,0.6,0.2
25.9,1.809,1.609,0.611,0.6,0.2
25.92,1.81,1.61,0.611,0.6,0.2
25.94,1.808,1.608,0.613,0.6,0.2
25.96,1.808,1.608,0.613,0.6,0.2
25.98,1.808,1.608,0.613,0.6,0.2
26.0,1.808,1.608,0.613,0.6,0.2
26.02,1.808,1.608,0.613,0.6,0.2
26.04,1.808,1.608,0.613,0.6,0.2
26.06,1.808,1.608,0.613,0.6,0.2
26.08,1.808,1.608,0.613,0.6,0.2
26.1,1.808,1.608,0.613,0.6,0.2
26.12,1.807,1.607,0.613,0.6,0.2
26.14,1.807,1.607,0.613,0.6,0.2
26.16,1.809,1.609,0.611,0.6,0.2
26.18,1.808,1.608,0.611,0.6,0.2
26.2,1.808,1.608,0.611,0.6,0.2
26.22,1.807,1.607,0.611,0.6,0.2
26.24,1.807,1.607,0.611,0.6,0.2
26.26,1.808,1.608,0.609,0.6,0.2
26.28,1.807,1.607,0.609,0.6,0.2
26.3,1.807,1.607,0.609,0.6,0.2
26.32,1.808,1.608,0.607,0.6,0.2
26.34,1.807,1.607,0.607,0.6,0.2
26.36,1.806,1.606,0.607,0.6,0.2
26.38,1.807,1.607,0.606,0.6,0.2
26.4,1.807,1.607,0.606,0.6,0.2
26.42,1.808,1.608,0.604,0.6,0.2
26.44,1.807,1.607,0.604,0.6,0.2
26.46,1.808,1.608,0.602,0.6,0.2
26.48,1.807,1.607,0.602,0.6,0.2
26.5,1.808,1.608,0.6,0.6,0.2
26.52,1.808,1.608,0.599,0.6,0.2
26.54,1.807,1.607,0.599,0.6,0.2
26.56,1.808,1.608,0.597,0.6,0.2
26.58,1.807,1.607,0.597,0.6,0.2
26.6,1.808,1.608,0.595,0.6,0.2
26.62,1.807,1.607,0.595,0.6,0.2
26.64,1.807,1.607,0.593,0.6,0.2
26.66,1.806,1.606,0.593,0.6,0.2
26.68,1.807,1.607,0.592,0.6,0.2
26.7,1.806,1.606,0.592,0.6,0.2
26.72,1.807,1.607,0.59,0.6,0.2
26.74,1.806,1.606,0.59,0.6,0.2
26.76,1.807,1.607,0.588,0.6,0.2
26.78,1.806,1.606,0.588,0.6,0.2
26.8,1.806,1.606,0.588,0.6,0.2
26.82,1.807,1.607,0.586,0.6,0.2
26.84,1.806,1.606,0.586,0.6,0.2
26.86,1.805,1.605,0.586,0.6,0.2
26.88,1.805,1.605,0.586,0.6,0.2
26.9,1.806,1.606,0.585,0.6,0.2
26.92,1.806,1.606,0.585,0.6,0.2
26.94,1.805,1.605,0.585,0.6,0.2
26.96,1.805,1.605,0.585,0.6,0.2
26.98,1.805,1.605,0.585,0.6,0.2
27.0,1.805,1.605,0.585,0.6,0.2
27.02,1.805,1.605,0.585,0.6,0.2
27.04,1.805,1.605,0.585,0.6,0.2
27.06,1.803,1.603,0.586,0.6,0.2
27.08,1.803,1.603,0.586,0.6,0.2
27.1,1.803,1.603,0.586,0.6,0.2
27.12,1.804,1.604,0.586,0.6,0.2
27.14,1.804,1.604,0.586,0.6,0.2
27.16,1.803,1.603,0.588,0.6,0.2
27.18,1.803,1.603,0.588,0.6,0.2
27.2,1.804,1.604,0.588,0.6,0.2
27.22,1.803,1.603,0.59,0.6,0.2
27.24,1.803,1.603,0.59,0.6,0.2
27.26,1.804,1.604,0.59,0.6,0.2
27.28,1.803,1.603,0.592,0.6,0.2
27.3,1.804,1.604,0.592,0.6,0.2
27.32,1.803,1.603,0.593,0.6,0.2
27.34,1.804,1.604,0.593,0.6,0.2
27.36,1.803,1.603,0.595,0.6,0.2
27.38,1.804,1.604,0.595,0.6,0.2
27.4,1.803,1.603,0.597,0.6,0.2
27.42,1.804,1.604,0.597,0.6,0.2
27.44,1.804,1.604,0.599,0.6,0.2
27.46,1.805,1.605,0.599,0.6,0.2
27.48,1.805,1.605,0.6,0.6,0.2
27.5,1.806,1.606,0.6,0.6,0.2
27.52,1.806,1.606,0.6,0.6,0.2
27.54,1.805,1.605,0.602,0.6,0.2
27.56,1.806,1.606,0.602,0.6,0.2
27.58,1.805,1.605,0.604,0.6,0.2
27.6,1.806,1.606,0.604,0.6,0.2
27.62,1.807,1.607,0.604,0.6,0.2
27.64,1.806,1.606,0.606,0.6,0.2
27.66,1.807,1.607,0.606,0.6,0.2
27.68,1.808,1.608,0.606,0.6,0.2
27.7,1.808,1.608,0.606,0.6,0.2
27.72,1.809,1.609,0.606,0.6,0.2
27.74,1.808,1.608,0.607,0.6,0.2
27.76,1.808,1.608,0.607,0.6,0.2
27.78,1.809,1.609,0.607,0.6,0.2
27.8,1.809,1.609,0.607,0.6,0.2
27.82,1.81,1.61,0.607,0.6,0.2
27.84,1.81,1.61,0.607,0.6,0.2
27.86,1.81,1.61,0.607,0.6,0.2
27.88,1.811,1.611,0.607,0.6,0.2
27.9,1.811,1.611,0.607,0.6,0.2
27.92,1.811,1.611,0.607,0.6,0.2
27.94,1.811,1.611,0.607,0.6,0.2
27.96,1.811,1.611,0.607,0.6,0.2
27.98,1.811,1.611,0.607,0.6,0.2
28.0,1.811,1.611,0.607,0.6,0.2
28.02,1.811,1.611,0.607,0.6,0.2
28.04,1.811,1.611,0.607,0.6,0.2
28.06,1.811,1.611,0.607,0.6,0.2
28.08,1.811,1.611,0.607,0.6,0.2
28.1,1.811,1.611,0.607,0.6,0.2
28.12,1.811,1.611,0.607,0.6,0.2
28.14,1.811,1.611,0.607,0.6,0.2
28.16,1.81,1.61,0.607,0.6,0.2
28.18,1.81,1.61,0.607,0.6,0.2
28.2,1.81,1.61,0.607,0.6,0.2
28.22,1.81,1.61,0.607,0.6,0.2
28.24,1.81,1.61,0.607,0.6,0.2
28.26,1.809,1.609,0.607,0.6,0.2
28.28,1.809,1.609,0.607,0.6,0.2
28.3,1.809,1.609,0.607,0.6,0.2
28.32,1.809,1.609,0.607,0.6,0.2
28.34,1.807,1.607,0.609,0.6,0.2
28.36,1.807,1.607,0.609,0.6,0.2
28.38,1.807,1.607,0.609,0.6,0.2
28.4,1.807,1.607,0.609,0.6,0.2
28.42,1.806,1.606,0.609,0.6,0.2
28.44,1.806,1.606,0.609,0.6,0.2
28.46,1.806,1.606,0.609,0.6,0.2
28.48,1.806,1.606,0.609,0.6,0.2
28.5,1.806,1.606,0.609,0.6,0.2
28.52,1.805,1.605,0.609,0.6,0.2
28.54,1.805,1.605,0.609,0.6,0.2
28.56,1.805,1.605,0.609,0.6,0.2
28.58,1.805,1.605,0.609,0.6,0.2
28.6,1.804,1.604,0.609,0.6,0.2
28.62,1.804,1.604,0.609,0.6,0.2
28.64,1.806,1.606,0.607,0.6,0.2
28.66,1.805,1.605,0.607,0.6,0.2
28.68,1.805,1.605,0.607,0.6,0.2
28.7,1.806,1.606,0.606,0.6,0.2
28.72,1.805,1.605,0.606,0.6,0.2
28.74,1.805,1.605,0.606,0.6,0.2
28.76,1.806,1.606,0.604,0.6,0.2
28.78,1.805,1.605,0.604,0.6,0.2
28.8,1.806,1.606,0.602,0.6,0.2
28.82,1.805,1.605,0.602,0.6,0.2
28.84,1.805,1.605,0.602,0.6,0.2
28.86,1.806,1.606,0.6,0.6,0.2
28.88,1.806,1.606,0.6,0.6,0.2
28.9,1.806,1.606,0.599,0.6,0.2
28.92,1.805,1.605,0.599,0.6,0.2
28.94,1.806,1.606,0.597,0.6,0.2
28.96,1.805,1.605,0.597,0.6,0.2
28.98,1.806,1.606,0.595,0.6,0.2
29.0,1.805,1.605,0.595,0.6,0.2
29.02,1.806,1.606,0.593,0.6,0.2
29.04,1.805,1.605,0.593,0.6,0.2
29.06,1.805,1.605,0.593,0.6,0.2
29.08,1.806,1.606,0.592,0.6,0.2
29.1,1.805,1.605,0.592,0.6,0.2
29.12,1.804,1.604,0.592,0.6,0.2
29.14,1.805,1.605,0.59,0.6,0.2
29.16,1.805,1.605,0.59,0.6,0.2
29.18,1.804,1.604,0.59,0.6,0.2
29.2,1.804,1.604,0.59,0.6,0.2
29.22,1.803,1.603,0.59,0.6,0.2
29.24,1.805,1.605,0.588,0.6,0.2
29.26,1.804,1.604,0.588,0.6,0.2
29.28,1.804,1.604,0.588,0.6,0.2
29.3,1.804,1.604,0.588,0.6,0.2
29.32,1.803,1.603,0.588,0.6,0.2
29.34,1.803,1.603,0.588,0.6,0.2
29.36,1.803,1.603,0.588,0.6,0.2
29.38,1.803,1.603,0.588,0.6,0.2
29.4,1.801,1.601,0.59,0.6,0.2
29.42,1.802,1.602,0.59,0.6,0.2
29.44,1.802,1.602,0.59,0.6,0.2
29.46,1.802,1.602,0.59,0.6,0.2
29.48,1.801,1.601,0.592,0.6,0.2
29.5,1.801,1.601,0.592,0.6,0.2
29.52,1.802,1.602,0.592,0.6,0.2
29.54,1.8,1.6,0.593,0.6,0.2
29.56,1.801,1.601,0.593,0.6,0.2
29.58,1.8,1.6,0.595,0.6,0.2
29.6,1.801,1.601,0.595,0.6,0.2
29.62,1.8,1.6,0.597,0.6,0.2
29.64,1.8,1.6,0.597,0.6,0.2
29.66,1.801,1.601,0.597,0.6,0.2
29.68,1.8,1.6,0.599,0.6,0.2
29.7,1.801,1.601,0.599,0.6,0.2
29.72,1.801,1.601,0.6,0.6,0.2
29.74,1.801,1.601,0.6,0.6,0.2
29.76,1.8,1.6,0.602,0.6,0.2
29.78,1.801,1.601,0.602,0.6,0.2
29.8,1.8,1.6,0.604,0.6,0.2
29.82,1.801,1.601,0.604,0.6,0.2
29.84,1.802,1.602,0.604,0.6,0.2
29.86,1.801,1.601,0.606,0.6,0.2
29.88,1.802,1.602,0.606,0.6,0.2
29.9,1.802,1.602,0.606,0.6,0.2
29.92,1.801,1.601,0.607,0.6,0.2
29.94,1.802,1.602,0.607,0.6,0.2
29.96,1.803,1.603,0.607,0.6,0.2
29.98,1.803,1.603,0.607,0.6,0.2
30.0,1.804,1.604,0.607,0.6,0.2
30.02,1.604,1.604,0.607,0.6,0.0
30.04,1.603,1.603,0.609,0.6,0.0
30.06,1.603,1.603,0.609,0.6,0.0
30.08,1.604,1.604,0.609,0.6,0.0
30.1,1.606,1.606,0.607,0.6,0.0
30.12,1.606,1.606,0.607,0.6,0.0
30.14,1.607,1.607,0.606,0.6,0.0
30.16,1.607,1.607,0.606,0.6,0.0
30.18,1.609,1.609,0.604,0.6,0.0
30.2,1.61,1.61,0.602,0.6,0.0
30.22,1.613,1.613,0.599,0.6,0.0
30.24,1.614,1.614,0.597,0.6,0.0
30.26,1.616,1.616,0.593,0.6,0.0
30.28,1.618,1.618,0.59,0.6,0.0
30.3,1.62,1.62,0.586,0.6,0.0
30.32,1.622,1.622,0.583,0.6,0.0
30.34,1.625,1.625,0.578,0.6,0.0
30.36,1.627,1.627,0.574,0.6,0.0
30.38,1.63,1.63,0.569,0.6,0.0
30.4,1.632,1.632,0.564,0.6,0.0
30.42,1.635,1.635,0.559,0.6,0.0
30.44,1.635,1.635,0.555,0.6,0.0
30.46,1.638,1.638,0.55,0.6,0.0
30.48,1.64,1.64,0.545,0.6,0.0
30.5,1.642,1.642,0.539,0.6,0.0
30.52,1.644,1.644,0.534,0.6,0.0
30.54,1.646,1.646,0.529,0.6,0.0
30.56,1.648,1.648,0.524,0.6,0.0
30.58,1.65,1.65,0.518,0.6,0.0
30.6,1.65,1.65,0.515,0.6,0.0
30.62,1.653,1.653,0.51,0.6,0.0
30.64,1.653,1.653,0.506,0.6,0.0
30.66,1.656,1.656,0.501,0.6,0.0
30.68,1.657,1.657,0.497,0.6,0.0
30.7,1.658,1.658,0.494,0.6,0.0
30.72,1.657,1.657,0.492,0.6,0.0
30.74,1.659,1.659,0.489,0.6,0.0
30.76,1.659,1.659,0.487,0.6,0.0
30.78,1.66,1.66,0.485,0.6,0.0
30.8,1.661,1.661,0.483,0.6,0.0
30.82,1.66,1.66,0.483,0.6,0.0
30.84,1.66,1.66,0.483,0.6,0.0
30.86,1.661,1.661,0.483,0.6,0.0
30.88,1.661,1.661,0.483,0.6,0.0
30.9,1.663,1.663,0.483,0.6,0.0
30.92,1.662,1.662,0.485,0.6,0.0
30.94,1.663,1.663,0.487,0.6,0.0
30.96,1.663,1.663,0.489,0.6,0.0
30.98,1.663,1.663,0.492,0.6,0.0
31.0,1.663,1.663,0.496,0.6,0.0
31.02,1.665,1.665,0.497,0.6,0.0
31.04,1.665,1.665,0.501,0.6,0.0
31.06,1.664,1.664,0.506,0.6,0.0
31.08,1.666,1.666,0.51,0.6,0.0
31.1,1.666,1.666,0.515,0.6,0.0
31.12,1.668,1.668,0.518,0.6,0.0
31.14,1.669,1.669,0.524,0.6,0.0
31.16,1.669,1.669,0.529,0.6,0.0
31.18,1.671,1.671,0.534,0.6,0.0
31.2,1.674,1.674,0.538,0.6,0.0
31.22,1.675,1.675,0.543,0.6,0.0
31.24,1.677,1.677,0.548,0.6,0.0
31.26,1.678,1.678,0.553,0.6,0.0
31.28,1.68,1.68,0.559,0.6,0.0
31.3,1.682,1.682,0.564,0.6,0.0
31.32,1.684,1.684,0.569,0.6,0.0
31.34,1.686,1.686,0.574,0.6,0.0
31.36,1.69,1.69,0.578,0.6,0.0
31.38,1.691,1.691,0.583,0.6,0.0
31.4,1.693,1.693,0.588,0.6,0.0
31.42,1.697,1.697,0.592,0.6,0.0
31.44,1.7,1.7,0.595,0.6,0.0
31.46,1.703,1.703,0.599,0.6,0.0
31.48,1.706,1.706,0.602,0.6,0.0
31.5,1.708,1.708,0.606,0.6,0.0
31.52,1.711,1.711,0.609,0.6,0.0
31.54,1.715,1.715,0.611,0.6,0.0
31.56,1.718,1.718,0.613,0.6,0.0
31.58,1.72,1.72,0.616,0.6,0.0
31.6,1.724,1.724,0.616,0.6,0.0
31.62,1.727,1.727,0.618,0.6,0.0
31.64,1.729,1.729,0.62,0.6,0.0
31.66,1.733,1.733,0.62,0.6,0.0
31.68,1.735,1.735,0.621,0.6,0.0
31.7,1.738,1.738,0.621,0.6,0.0
31.72,1.741,1.741,0.621,0.6,0.0
31.74,1.743,1.743,0.621,0.6,0.0
31.76,1.747,1.747,0.62,0.6,0.0
31.78,1.748,1.748,0.62,0.6,0.0
31.8,1.752,1.752,0.618,0.6,0.0
31.82,1.754,1.754,0.616,0.6,0.0
31.84,1.757,1.757,0.614,0.6,0.0
31.86,1.759,1.759,0.613,0.6,0.0
31.88,1.761,1.761,0.611,0.6,0.0
31.9,1.764,1.764,0.607,0.6,0.0
31.92,1.765,1.765,0.606,0.6,0.0
31.94,1.766,1.766,0.604,0.6,0.0
31.96,1.77,1.77,0.6,0.6,0.0
31.98,1.77,1.77,0.599,0.6,0.0
32.0,1.772,1.772,0.595,0.6,0.0
32.02,1.772,1.772,0.593,0.6,0.0
32.04,1.774,1.774,0.59,0.6,0.0
32.06,1.774,1.774,0.588,0.6,0.0
32.08,1.776,1.776,0.585,0.6,0.0
32.1,1.777,1.777,0.581,0.6,0.0
32.12,1.777,1.777,0.579,0.6,0.0
32.14,1.779,1.779,0.576,0.6,0.0
32.16,1.778,1.778,0.574,0.6,0.0
32.18,1.78,1.78,0.571,0.6,0.0
32.2,1.78,1.78,0.569,0.6,0.0
32.22,1.779,1.779,0.567,0.6,0.0
32.24,1.779,1.779,0.565,0.6,0.0
32.26,1.779,1.779,0.564,0.6,0.0
32.28,1.78,1.78,0.562,0.6,0.0
32.3,1.78,1.78,0.56,0.6,0.0
32.32,1.778,1.778,0.56,0.6,0.0
32.34,1.779,1.779,0.559,0.6,0.0
32.36,1.778,1.778,0.559,0.6,0.0
32.38,1.777,1.777,0.559,0.6,0.0
32.4,1.777,1.777,0.559,0.6,0.0
32.42,1.776,1.776,0.559,0.6,0.0
32.44,1.774,1.774,0.56,0.6,0.0
32.46,1.775,1.775,0.56,0.6,0.0
32.48,1.773,1.773,0.562,0.6,0.0
32.5,1.774,1.774,0.562,0.6,0.0
32.52,1.773,1.773,0.564,0.6,0.0
32.54,1.772,1.772,0.565,0.6,0.0
32.56,1.771,1.771,0.567,0.6,0.0
32.58,1.771,1.771,0.569,0.6,0.0
32.6,1.771,1.771,0.571,0.6,0.0
32.62,1.769,1.769,0.574,0.6,0.0
32.64,1.77,1.77,0.576,0.6,0.0
32.66,1.77,1.77,0.578,0.6,0.0
32.68,1.769,1.769,0.581,0.6,0.0
32.7,1.77,1.77,0.583,0.6,0.0
32.72,1.77,1.77,0.585,0.6,0.0
32.74,1.769,1.769,0.588,0.6,0.0
32.76,1.77,1.77,0.59,0.6,0.0
32.78,1.77,1.77,0.593,0.6,0.0
32.8,1.771,1.771,0.595,0.6,0.0
32.82,1.772,1.772,0.597,0.6,0.0
32.84,1.772,1.772,0.6,0.6,0.0
32.86,1.772,1.772,0.602,0.6,0.0
32.88,1.773,1.773,0.604,0.6,0.0
32.9,1.774,1.774,0.606,0.6,0.0
32.92,1.775,1.775,0.607,0.6,0.0
32.94,1.776,1.776,0.609,0.6,0.0
32.96,1.776,1.776,0.611,0.6,0.0
32.98,1.777,1.777,0.613,0.6,0.0
33.0,1.778,1.778,0.614,0.6,0.0
33.02,1.778,1.778,0.616,0.6,0.0
33.04,1.78,1.78,0.616,0.6,0.0
33.06,1.78,1.78,0.618,0.6,0.0
33.08,1.782,1.782,0.618,0.6,0.0
33.1,1.782,1.782,0.62,0.6,0.0
33.12,1.784,1.784,0.62,0.6,0.0
33.14,1.785,1.785,0.62,0.6,0.0
33.16,1.786,1.786,0.62,0.6,0.0
33.18,1.785,1.785,0.621,0.6,0.0
33.2,1.786,1.786,0.621,0.6,0.0
33.22,1.789,1.789,0.62,0.6,0.0
33.24,1.789,1.789,0.62,0.6,0.0
33.26,1.79,1.79,0.62,0.6,0.0
33.28,1.79,1.79,0.62,0.6,0.0
33.3,1.79,1.79,0.62,0.6,0.0
33.32,1.792,1.792,0.618,0.6,0.0
33.34,1.792,1.792,0.618,0.6,0.0
33.36,1.793,1.793,0.616,0.6,0.0
33.38,1.795,1.795,0.614,0.6,0.0
33.4,1.794,1.794,0.614,0.6,0.0
33.42,1.795,1.795,0.613,0.6,0.0
33.44,1.796,1.796,0.611,0.6,0.0
33.46,1.795,1.795,0.611,0.6,0.0
33.48,1.796,1.796,0.609,0.6,0.0
33.5,1.796,1.796,0.607,0.6,0.0
33.52,1.797,1.797,0.606,0.6,0.0
33.54,1.797,1.797,0.604,0.6,0.0
33.56,1.798,1.798,0.602,0.6,0.0
33.58,1.799,1.799,0.6,0.6,0.0
33.6,1.797,1.797,0.6,0.6,0.0
33.62,1.797,1.797,0.599,0.6,0.0
33.64,1.797,1.797,0.597,0.6,0.0
33.66,1.797,1.797,0.595,0.6,0.0
33.68,1.797,1.797,0.593,0.6,0.0
33.7,1.798,1.798,0.592,0.6,0.0
33.72,1.798,1.798,0.59,0.6,0.0
33.74,1.796,1.796,0.59,0.6,0.0
33.76,1.797,1.797,0.588,0.6,0.0
33.78,1.797,1.797,0.586,0.6,0.0
33.8,1.796,1.796,0.586,0.6,0.0
33.82,1.796,1.796,0.585,0.6,0.0
33.84,1.795,1.795,0.585,0.6,0.0
33.86,1.796,1.796,0.583,0.6,0.0
33.88,1.794,1.794,0.583,0.6,0.0
33.9,1.795,1.795,0.581,0.6,0.0
33.92,1.794,1.794,0.581,0.6,0.0
33.94,1.793,1.793,0.581,0.6,0.0
33.96,1.793,1.793,0.581,0.6,0.0
33.98,1.794,1.794,0.579,0.6,0.0
34.0,1.793,1.793,0.579,0.6,0.0
34.02,1.793,1.793,0.579,0.6,0.0
34.04,1.791,1.791,0.581,0.6,0.0
34.06,1.791,1.791,0.581,0.6,0.0
34.08,1.791,1.791,0.581,0.6,0.0
34.1,1.791,1.791,0.581,0.6,0.0
34.12,1.789,1.789,0.583,0.6,0.0
34.14,1.79,1.79,0.583,0.6,0.0
34.16,1.79,1.79,0.583,0.6,0.0
34.18,1.789,1.789,0.585,0.6,0.0
34.2,1.79,1.79,0.585,0.6,0.0
34.22,1.788,1.788,0.586,0.6,0.0
34.24,1.788,1.788,0.588,0.6,0.0
34.26,1.789,1.789,0.588,0.6,0.0
34.28,1.788,1.788,0.59,0.6,0.0
34.3,1.787,1.787,0.592,0.6,0.0
34.32,1.787,1.787,0.593,0.6,0.0
34.34,1.788,1.788,0.593,0.6,0.0
34.36,1.787,1.787,0.595,0.6,0.0
34.38,1.787,1.787,0.597,0.6,0.0
34.4,1.787,1.787,0.599,0.6,0.0
34.42,1.788,1.788,0.599,0.6,0.0
34.44,1.788,1.788,0.6,0.6,0.0
34.46,1.787,1.787,0.602,0.6,0.0
34.48,1.787,1.787,0.604,0.6,0.0
34.5,1.787,1.787,0.606,0.6,0.0
34.52,1.788,1.788,0.606,0.6,0.0
34.54,1.788,1.788,0.607,0.6,0.0
34.56,1.788,1.788,0.609,0.6,0.0
34.58,1.789,1.789,0.609,0.6,0.0
34.6,1.789,1.789,0.611,0.6,0.0
34.62,1.79,1.79,0.611,0.6,0.0
34.64,1.789,1.789,0.613,0.6,0.0
34.66,1.79,1.79,0.613,0.6,0.0
34.68,1.79,1.79,0.614,0.6,0.0
34.7,1.791,1.791,0.614,0.6,0.0
34.72,1.792,1.792,0.614,0.6,0.0
34.74,1.792,1.792,0.614,0.6,0.0
34.76,1.793,1.793,0.614,0.6,0.0
34.78,1.794,1.794,0.614,0.6,0.0
34.8,1.794,1.794,0.614,0.6,0.0
34.82,1.794,1.794,0.614,0.6,0.0
34.84,1.795,1.795,0.614,0.6,0.0
34.86,1.795,1.795,0.614,0.6,0.0
34.88,1.795,1.795,0.614,0.6,0.0
34.9,1.795,1.795,0.614,0.6,0.0
34.92,1.797,1.797,0.613,0.6,0.0
34.94,1.796,1.796,0.613,0.6,0.0
34.96,1.798,1.798,0.611,0.6,0.0
34.98,1.797,1.797,0.611,0.6,0.0
35.0,1.799,1.799,0.609,0.6,0.0
35.02,1.798,1.798,0.609,0.6,0.0
35.04,1.799,1.799,0.607,0.6,0.0
35.06,1.798,1.798,0.607,0.6,0.0
35.08,1.799,1.799,0.606,0.6,0.0
35.1,1.8,1.8,0.604,0.6,0.0
35.12,1.799,1.799,0.604,0.6,0.0
35.14,1.8,1.8,0.602,0.6,0.0
35.16,1.801,1.801,0.6,0.6,0.0
35.18,1.8,1.8,0.6,0.6,0.0
35.2,1.8,1.8,0.599,0.6,0.0
35.22,1.801,1.801,0.597,0.6,0.0
35.24,1.801,1.801,0.595,0.6,0.0
35.26,1.8,1.8,0.595,0.6,0.0
35.28,1.8,1.8,0.593,0.6,0.0
35.3,1.801,1.801,0.592,0.6,0.0
35.32,1.8,1.8,0.592,0.6,0.0
35.34,1.8,1.8,0.59,0.6,0.0
35.36,1.801,1.801,0.588,0.6,0.0
35.38,1.8,1.8,0.588,0.6,0.0
35.4,1.801,1.801,0.586,0.6,0.0
35.42,1.799,1.799,0.586,0.6,0.0
35.44,1.8,1.8,0.585,0.6,0.0
35.46,1.799,1.799,0.585,0.6,0.0
35.48,1.8,1.8,0.583,0.6,0.0
35.5,1.799,1.799,0.583,0.6,0.0
35.52,1.799,1.799,0.583,0.6,0.0
35.54,1.798,1.798,0.583,0.6,0.0
35.56,1.798,1.798,0.583,0.6,0.0
35.58,1.797,1.797,0.583,0.6,0.0
35.6,1.797,1.797,0.583,0.6,0.0
35.62,1.797,1.797,0.583,0.6,0.0
35.64,1.797,1.797,0.583,0.6,0.0
35.66,1.797,1.797,0.583,0.6,0.0
35.68,1.797,1.797,0.583,0.6,0.0
35.7,1.795,1.795,0.585,0.6,0.0
35.72,1.795,1.795,0.585,0.6,0.0
35.74,1.796,1.796,0.585,0.6,0.0
35.76,1.794,1.794,0.586,0.6,0.0
35.78,1.795,1.795,0.586,0.6,0.0
35.8,1.794,1.794,0.588,0.6,0.0
35.82,1.795,1.795,0.588,0.6,0.0
35.84,1.794,1.794,0.59,0.6,0.0
35.86,1.794,1.794,0.59,0.6,0.0
35.88,1.794,1.794,0.592,0.6,0.0
35.9,1.793,1.793,0.593,0.6,0.0
35.92,1.794,1.794,0.593,0.6,0.0
35.94,1.793,1.793,0.595,0.6,0.0
35.96,1.793,1.793,0.597,0.6,0.0
35.98,1.794,1.794,0.597,0.6,0.0
36.0,1.793,1.793,0.599,0.6,0.0
36.02,1.795,1.795,0.599,0.6,0.0
36.04,1.795,1.795,0.6,0.6,0.0
36.06,1.794,1.794,0.602,0.6,0.0
36.08,1.795,1.795,0.602,0.6,0.0
36.1,1.794,1.794,0.604,0.6,0.0
36.12,1.795,1.795,0.604,0.6,0.0
36.14,1.795,1.795,0.606,0.6,0.0
36.16,1.796,1.796,0.606,0.6,0.0
36.18,1.795,1.795,0.607,0.6,0.0
36.2,1.796,1.796,0.607,0.6,0.0
36.22,1.796,1.796,0.609,0.6,0.0
36.24,1.797,1.797,0.609,0.6,0.0
36.26,1.798,1.798,0.609,0.6,0.0
36.28,1.798,1.798,0.609,0.6,0.0
36.3,1.797,1.797,0.611,0.6,0.0
36.32,1.798,1.798,0.611,0.6,0.0
36.34,1.799,1.799,0.611,0.6,0.0
36.36,1.799,1.799,0.611,0.6,0.0
36.38,1.8,1.8,0.611,0.6,0.0
36.4,1.8,1.8,0.611,0.6,0.0
36.42,1.8,1.8,0.611,0.6,0.0
36.44,1.801,1.801,0.611,0.6,0.0
36.46,1.801,1.801,0.611,0.6,0.0
36.48,1.803,1.803,0.609,0.6,0.0
36.5,1.803,1.803,0.609,0.6,0.0
36.52,1.802,1.802,0.609,0.6,0.0
36.54,1.802,1.802,0.609,0.6,0.0
36.56,1.804,1.804,0.607,0.6,0.0
36.58,1.803,1.803,0.607,0.6,0.0
36.6,1.803,1.803,0.607,0.6,0.0
36.62,1.804,1.804,0.606,0.6,0.0
36.64,1.804,1.804,0.606,0.6,0.0
36.66,1.805,1.805,0.604,0.6,0.0
36.68,1.804,1.804,0.604,0.6,0.0
36.7,1.806,1.806,0.602,0.6,0.0
36.72,1.805,1.805,0.602,0.6,0.0
36.74,1.806,1.806,0.6,0.6,0.0
36.76,1.806,1.806,0.6,0.6,0.0
36.78,1.806,1.806,0.599,0.6,0.0
36.8,1.805,1.805,0.599,0.6,0.0
36.82,1.806,1.806,0.597,0.6,0.0
36.84,1.805,1.805,0.597,0.6,0.0
36.86,1.806,1.806,0.595,0.6,0.0
36.88,1.805,1.805,0.595,0.6,0.0
36.9,1.806,1.806,0.593,0.6,0.0
36.92,1.805,1.805,0.593,0.6,0.0
36.94,1.804,1.804,0.593,0.6,0.0
36.96,1.805,1.805,0.592,0.6,0.0
36.98,1.805,1.805,0.592,0.6,0.0
37.0,1.804,1.804,0.592,0.6,0.0
37.02,1.805,1.805,0.59,0.6,0.0
37.04,1.804,1.804,0.59,0.6,0.0
37.06,1.804,1.804,0.59,0.6,0.0
37.08,1.803,1.803,0.59,0.6,0.0
37.1,1.805,1.805,0.588,0.6,0.0
37.12,1.804,1.804,0.588,0.6,0.0
37.14,1.804,1.804,0.588,0.6,0.0
37.16,1.803,1.803,0.588,0.6,0.0
37.18,1.803,1.803,0.588,0.6,0.0
37.2,1.803,1.803,0.588,0.6,0.0
37.22,1.803,1.803,0.588,0.6,0.0
37.24,1.803,1.803,0.588,0.6,0.0
37.26,1.803,1.803,0.588,0.6,0.0
37.28,1.803,1.803,0.588,0.6,0.0
37.3,1.803,1.803,0.588,0.6,0.0
37.32,1.801,1.801,0.59,0.6,0.0
37.34,1.802,1.802,0.59,0.6,0.0
37.36,1.802,1.802,0.59,0.6,0.0
37.38,1.802,1.802,0.59,0.6,0.0
37.4,1.801,1.801,0.592,0.6,0.0
37.42,1.801,1.801,0.592,0.6,0.0
37.44,1.802,1.802,0.592,0.6,0.0
37.46,1.801,1.801,0.593,0.6,0.0
37.48,1.801,1.801,0.593,0.6,0.0
37.5,1.802,1.802,0.593,0.6,0.0
37.52,1.801,1.801,0.595,0.6,0.0
37.54,1.802,1.802,0.595,0.6,0.0
37.56,1.801,1.801,0.597,0.6,0.0
37.58,1.801,1.801,0.597,0.6,0.0
37.6,1.802,1.802,0.597,0.6,0.0
37.62,1.801,1.801,0.599,0.6,0.0
37.64,1.802,1.802,0.599,0.6,0.0
37.66,1.802,1.802,0.6,0.6,0.0
37.68,1.802,1.802,0.6,0.6,0.0
37.7,1.803,1.803,0.6,0.6,0.0
37.72,1.802,1.802,0.602,0.6,0.0
37.74,1.802,1.802,0.602,0.6,0.0
37.76,1.803,1.803,0.602,0.6,0.0
37.78,1.802,1.802,0.604,0.6,0.0
37.8,1.803,1.803,0.604,0.6,0.0
37.82,1.804,1.804,0.604,0.6,0.0
37.84,1.804,1.804,0.604,0.6,0.0
37.86,1.803,1.803,0.606,0.6,0.0
37.88,1.804,1.804,0.606,0.6,0.0
37.9,1.804,1.804,0.606,0.6,0.0
37.92,1.805,1.805,0.606,0.6,0.0
37.94,1.805,1.805,0.606,0.6,0.0
37.96,1.806,1.806,0.606,0.6,0.0
37.98,1.806,1.806,0.606,0.6,0.0
38.0,1.806,1.806,0.606,0.6,0.0
38.02,1.807,1.807,0.606,0.6,0.0
38.04,1.807,1.807,0.606,0.6,0.0
38.06,1.807,1.807,0.606,0.6,0.0
38.08,1.807,1.807,0.606,0.6,0.0
38.1,1.807,1.807,0.606,0.6,0.0
38.12,1.807,1.807,0.606,0.6,0.0
38.14,1.809,1.809,0.604,0.6,0.0
38.16,1.809,1.809,0.604,0.6,0.0
38.18,1.809,1.809,0.604,0.6,0.0
38.2,1.808,1.808,0.604,0.6,0.0
38.22,1.808,1.808,0.604,0.6,0.0
38.24,1.808,1.808,0.604,0.6,0.0
38.26,1.81,1.81,0.602,0.6,0.0
38.28,1.809,1.809,0.602,0.6,0.0
38.3,1.809,1.809,0.602,0.6,0.0
38.32,1.809,1.809,0.602,0.6,0.0
38.34,1.808,1.808,0.602,0.6,0.0
38.36,1.808,1.808,0.602,0.6,0.0
38.38,1.808,1.808,0.602,0.6,0.0
38.4,1.808,1.808,0.602,0.6,0.0
38.42,1.807,1.807,0.602,0.6,0.0
38.44,1.807,1.807,0.602,0.6,0.0
38.46,1.805,1.805,0.604,0.6,0.0
38.48,1.805,1.805,0.604,0.6,0.0
38.5,1.805,1.805,0.604,0.6,0.0
38.52,1.805,1.805,0.604,0.6,0.0
38.54,1.805,1.805,0.604,0.6,0.0
38.56,1.805,1.805,0.604,0.6,0.0
38.58,1.803,1.803,0.606,0.6,0.0
38.6,1.804,1.804,0.606,0.6,0.0
38.62,1.804,1.804,0.606,0.6,0.0
38.64,1.804,1.804,0.606,0.6,0.0
38.66,1.804,1.804,0.606,0.6,0.0
38.68,1.804,1.804,0.606,0.6,0.0
38.7,1.804,1.804,0.606,0.6,0.0
38.72,1.804,1.804,0.606,0.6,0.0
38.74,1.804,1.804,0.606,0.6,0.0
38.76,1.803,1.803,0.606,0.6,0.0
38.78,1.803,1.803,0.606,0.6,0.0
38.8,1.803,1.803,0.606,0.6,0.0
38.82,1.803,1.803,0.606,0.6,0.0
38.84,1.803,1.803,0.606,0.6,0.0
38.86,1.803,1.803,0.606,0.6,0.0
38.88,1.803,1.803,0.606,0.6,0.0
38.9,1.803,1.803,0.606,0.6,0.0
38.92,1.804,1.804,0.604,0.6,0.0
38.94,1.804,1.804,0.604,0.6,0.0
38.96,1.804,1.804,0.604,0.6,0.0
38.98,1.803,1.803,0.604,0.6,0.0
39.0,1.805,1.805,0.602,0.6,0.0
39.02,1.804,1.804,0.602,0.6,0.0
39.04,1.804,1.804,0.602,0.6,0.0
39.06,1.803,1.803,0.602,0.6,0.0
39.08,1.805,1.805,0.6,0.6,0.0
39.1,1.805,1.805,0.6,0.6,0.0
39.12,1.804,1.804,0.6,0.6,0.0
39.14,1.804,1.804,0.6,0.6,0.0
39.16,1.804,1.804,0.599,0.6,0.0
39.18,1.804,1.804,0.599,0.6,0.0
39.2,1.803,1.803,0.599,0.6,0.0
39.22,1.803,1.803,0.599,0.6,0.0
39.24,1.804,1.804,0.597,0.6,0.0
39.26,1.804,1.804,0.597,0.6,0.0
39.28,1.803,1.803,0.597,0.6,0.0
39.3,1.803,1.803,0.597,0.6,0.0
39.32,1.803,1.803,0.597,0.6,0.0
39.34,1.804,1.804,0.595,0.6,0.0
39.36,1.804,1.804,0.595,0.6,0.0
39.38,1.803,1.803,0.595,0.6,0.0
39.4,1.803,1.803,0.595,0.6,0.0
39.42,1.802,1.802,0.595,0.6,0.0
39.44,1.802,1.802,0.595,0.6,0.0
39.46,1.802,1.802,0.595,0.6,0.0
39.48,1.802,1.802,0.595,0.6,0.0
39.5,1.802,1.802,0.595,0.6,0.0
39.52,1.802,1.802,0.595,0.6,0.0
39.54,1.802,1.802,0.595,0.6,0.0
39.56,1.801,1.801,0.595,0.6,0.0
39.58,1.801,1.801,0.595,0.6,0.0
39.6,1.801,1.801,0.595,0.6,0.0
39.62,1.801,1.801,0.595,0.6,0.0
39.64,1.801,1.801,0.595,0.6,0.0
39.66,1.802,1.802,0.595,0.6,0.0
39.68,1.8,1.8,0.597,0.6,0.0
39.7,1.8,1.8,0.597,0.6,0.0
39.72,1.8,1.8,0.597,0.6,0.0
39.74,1.801,1.801,0.597,0.6,0.0
39.76,1.801,1.801,0.597,0.6,0.0
39.78,1.801,1.801,0.597,0.6,0.0
39.8,1.8,1.8,0.599,0.6,0.0
39.82,1.8,1.8,0.599,0.6,0.0
39.84,1.8,1.8,0.599,0.6,0.0
39.86,1.801,1.801,0.599,0.6,0.0
39.88,1.8,1.8,0.6,0.6,0.0
39.9,1.8,1.8,0.6,0.6,0.0
39.92,1.801,1.801,0.6,0.6,0.0
39.94,1.801,1.801,0.6,0.6,0.0
39.96,1.799,1.799,0.602,0.6,0.0
39.98,1.799,1.799,0.602,0.6,0.0
40.0,1.8,1.8,0.602,0.6,0.0
40.02,1.8,1.8,0.602,0.6,0.0
40.04,1.799,1.799,0.604,0.6,0.0
40.06,1.799,1.799,0.604,0.6,0.0
40.08,1.8,1.8,0.604,0.6,0.0
40.1,1.8,1.8,0.604,0.6,0.0
40.12,1.799,1.799,0.606,0.6,0.0
40.14,1.799,1.799,0.606,0.6,0.0
40.16,1.8,1.8,0.606,0.6,0.0
40.18,1.8,1.8,0.606,0.6,0.0
40.2,1.8,1.8,0.606,0.6,0.0
40.22,1.801,1.801,0.606,0.6,0.0
40.24,1.801,1.801,0.606,0.6,0.0
40.26,1.799,1.799,0.607,0.6,0.0
40.28,1.8,1.8,0.607,0.6,0.0
40.3,1.8,1.8,0.607,0.6,0.0
40.32,1.8,1.8,0.607,0.6,0.0
40.34,1.8,1.8,0.607,0.6,0.0
40.36,1.8,1.8,0.607,0.6,0.0
40.38,1.8,1.8,0.607,0.6,0.0
40.4,1.8,1.8,0.607,0.6,0.0
40.42,1.8,1.8,0.607,0.6,0.0
40.44,1.8,1.8,0.607,0.6,0.0
40.46,1.8,1.8,0.607,0.6,0.0
40.48,1.802,1.802,0.606,0.6,0.0
40.5,1.802,1.802,0.606,0.6,0.0
40.52,1.801,1.801,0.606,0.6,0.0
40.54,1.801,1.801,0.606,0.6,0.0
40.56,1.801,1.801,0.606,0.6,0.0
40.58,1.801,1.801,0.606,0.6,0.0
40.6,1.8,1.8,0.606,0.6,0.0
40.62,1.802,1.802,0.604,0.6,0.0
40.64,1.801,1.801,0.604,0.6,0.0
40.66,1.801,1.801,0.604,0.6,0.0
40.68,1.801,1.801,0.604,0.6,0.0
40.7,1.8,1.8,0.604,0.6,0.0
40.72,1.8,1.8,0.604,0.6,0.0
40.74,1.8,1.8,0.604,0.6,0.0
40.76,1.801,1.801,0.602,0.6,0.0
40.78,1.801,1.801,0.602,0.6,0.0
40.8,1.8,1.8,0.602,0.6,0.0
40.82,1.8,1.8,0.602,0.6,0.0
40.84,1.799,1.799,0.602,0.6,0.0
40.86,1.799,1.799,0.602,0.6,0.0
40.88,1.799,1.799,0.602,0.6,0.0
40.9,1.801,1.801,0.6,0.6,0.0
40.92,1.8,1.8,0.6,0.6,0.0
40.94,1.8,1.8,0.6,0.6,0.0
40.96,1.799,1.799,0.6,0.6,0.0
40.98,1.799,1.799,0.6,0.6,0.0
41.0,1.799,1.799,0.6,0.6,0.0
41.02,1.798,1.798,0.6,0.6,0.0
41.04,1.798,1.798,0.6,0.6,0.0
41.06,1.798,1.798,0.6,0.6,0.0
41.08,1.798,1.798,0.6,0.6,0.0
41.1,1.797,1.797,0.6,0.6,0.0
41.12,1.797,1.797,0.6,0.6,0.0
41.14,1.798,1.798,0.599,0.6,0.0
41.16,1.798,1.798,0.599,0.6,0.0
41.18,1.797,1.797,0.599,0.6,0.0
41.2,1.797,1.797,0.599,0.6,0.0
41.22,1.797,1.797,0.599,0.6,0.0
41.24,1.797,1.797,0.599,0.6,0.0
41.26,1.796,1.796,0.6,0.6,0.0
41.28,1.796,1.796,0.6,0.6,0.0
41.3,1.796,1.796,0.6,0.6,0.0
41.32,1.796,1.796,0.6,0.6,0.0
41.34,1.796,1.796,0.6,0.6,0.0
41.36,1.796,1.796,0.6,0.6,0.0
41.38,1.796,1.796,0.6,0.6,0.0
41.4,1.796,1.796,0.6,0.6,0.0
41.42,1.796,1.796,0.6,0.6,0.0
41.44,1.796,1.796,0.6,0.6,0.0
41.46,1.796,1.796,0.6,0.6,0.0
41.48,1.796,1.796,0.6,0.6,0.0
41.5,1.796,1.796,0.6,0.6,0.0
41.52,1.796,1.796,0.6,0.6,0.0
41.54,1.793,1.793,0.602,0.6,0.0
41.56,1.793,1.793,0.602,0.6,0.0
41.58,1.794,1.794,0.602,0.6,0.0
41.6,1.794,1.794,0.602,0.6,0.0
41.62,1.794,1.794,0.602,0.6,0.0
41.64,1.794,1.794,0.602,0.6,0.0
41.66,1.794,1.794,0.602,0.6,0.0
41.68,1.794,1.794,0.602,0.6,0.0
41.7,1.794,1.794,0.602,0.6,0.0
41.72,1.793,1.793,0.604,0.6,0.0
41.74,1.793,1.793,0.604,0.6,0.0
41.76,1.793,1.793,0.604,0.6,0.0
41.78,1.793,1.793,0.604,0.6,0.0
41.8,1.793,1.793,0.604,0.6,0.0
41.82,1.793,1.793,0.604,0.6,0.0
41.84,1.794,1.794,0.604,0.6,0.0
41.86,1.794,1.794,0.604,0.6,0.0
41.88,1.794,1.794,0.604,0.6,0.0
41.9,1.794,1.794,0.604,0.6,0.0
41.92,1.794,1.794,0.604,0.6,0.0
41.94,1.794,1.794,0.604,0.6,0.0
41.96,1.794,1.794,0.604,0.6,0.0
41.98,1.794,1.794,0.604,0.6,0.0
42.0,1.794,1.794,0.604,0.6,0.0
42.02,1.794,1.794,0.604,0.6,0.0
42.04,1.793,1.793,0.604,0.6,0.0
42.06,1.793,1.793,0.604,0.6,0.0
42.08,1.793,1.793,0.604,0.6,0.0
42.1,1.793,1.793,0.604,0.6,0.0
42.12,1.793,1.793,0.604,0.6,0.0
42.14,1.793,1.793,0.604,0.6,0.0
42.16,1.793,1.793,0.604,0.6,0.0
42.18,1.793,1.793,0.604,0.6,0.0
42.2,1.794,1.794,0.602,0.6,0.0
42.22,1.794,1.794,0.602,0.6,0.0
42.24,1.794,1.794,0.602,0.6,0.0
42.26,1.794,1.794,0.602,0.6,0.0
42.28,1.793,1.793,0.602,0.6,0.0
42.3,1.793,1.793,0.602,0.6,0.0
42.32,1.793,1.793,0.602,0.6,0.0
42.34,1.793,1.793,0.602,0.6,0.0
42.36,1.795,1.795,0.6,0.6,0.0
42.38,1.794,1.794,0.6,0.6,0.0
42.4,1.794,1.794,0.6,0.6,0.0
42.42,1.794,1.794,0.6,0.6,0.0
42.44,1.793,1.793,0.6,0.6,0.0
42.46,1.793,1.793,0.6,0.6,0.0
42.48,1.793,1.793,0.6,0.6,0.0
42.5,1.793,1.793,0.6,0.6,0.0
42.52,1.792,1.792,0.6,0.6,0.0
42.54,1.792,1.792,0.6,0.6,0.0
42.56,1.792,1.792,0.6,0.6,0.0
42.58,1.792,1.792,0.6,0.6,0.0
42.6,1.792,1.792,0.6,0.6,0.0
42.62,1.792,1.792,0.6,0.6,0.0
42.64,1.792,1.792,0.6,0.6,0.0
42.66,1.791,1.791,0.6,0.6,0.0
42.68,1.791,1.791,0.6,0.6,0.0
42.7,1.791,1.791,0.6,0.6,0.0
42.72,1.791,1.791,0.6,0.6,0.0
42.74,1.789,1.789,0.602,0.6,0.0
42.76,1.789,1.789,0.602,0.6,0.0
42.78,1.789,1.789,0.602,0.6,0.0
42.8,1.789,1.789,0.602,0.6,0.0
42.82,1.789,1.789,0.602,0.6,0.0
42.84,1.789,1.789,0.602,0.6,0.0
42.86,1.789,1.789,0.602,0.6,0.0
42.88,1.789,1.789,0.602,0.6,0.0
42.9,1.789,1.789,0.602,0.6,0.0
42.92,1.789,1.789,0.602,0.6,0.0
42.94,1.79,1.79,0.602,0.6,0.0
42.96,1.79,1.79,0.602,0.6,0.0
42.98,1.79,1.79,0.602,0.6,0.0
43.0,1.788,1.788,0.604,0.6,0.0
43.02,1.788,1.788,0.604,0.6,0.0
43.04,1.788,1.788,0.604,0.6,0.0
43.06,1.788,1.788,0.604,0.6,0.0
43.08,1.788,1.788,0.604,0.6,0.0
43.1,1.788,1.788,0.604,0.6,0.0
43.12,1.788,1.788,0.604,0.6,0.0
43.14,1.788,1.788,0.604,0.6,0.0
43.16,1.788,1.788,0.604,0.6,0.0
43.18,1.788,1.788,0.604,0.6,0.0
43.2,1.788,1.788,0.604,0.6,0.0
43.22,1.788,1.788,0.604,0.6,0.0
43.24,1.788,1.788,0.604,0.6,0.0
43.26,1.788,1.788,0.604,0.6,0.0
43.28,1.788,1.788,0.604,0.6,0.0
43.3,1.788,1.788,0.604,0.6,0.0
43.32,1.786,1.786,0.606,0.6,0.0
43.34,1.786,1.786,0.606,0.6,0.0
43.36,1.787,1.787,0.606,0.6,0.0
43.38,1.787,1.787,0.606,0.6,0.0
43.4,1.787,1.787,0.606,0.6,0.0
43.42,1.787,1.787,0.606,0.6,0.0
43.44,1.787,1.787,0.606,0.6,0.0
43.46,1.786,1.786,0.606,0.6,0.0
43.48,1.786,1.786,0.606,0.6,0.0
43.5,1.786,1.786,0.606,0.6,0.0
43.52,1.786,1.786,0.606,0.6,0.0
43.54,1.786,1.786,0.606,0.6,0.0
43.56,1.786,1.786,0.606,0.6,0.0
43.58,1.786,1.786,0.606,0.6,0.0
43.6,1.786,1.786,0.606,0.6,0.0
43.62,1.786,1.786,0.606,0.6,0.0
43.64,1.785,1.785,0.606,0.6,0.0
43.66,1.785,1.785,0.606,0.6,0.0
43.68,1.785,1.785,0.606,0.6,0.0
43.7,1.785,1.785,0.606,0.6,0.0
43.72,1.785,1.785,0.606,0.6,0.0
43.74,1.785,1.785,0.606,0.6,0.0
43.76,1.784,1.784,0.606,0.6,0.0
43.78,1.784,1.784,0.606,0.6,0.0
43.8,1.784,1.784,0.606,0.6,0.0
43.82,1.784,1.784,0.606,0.6,0.0
43.84,1.784,1.784,0.606,0.6,0.0
43.86,1.783,1.783,0.606,0.6,0.0
43.88,1.783,1.783,0.606,0.6,0.0
43.9,1.785,1.785,0.604,0.6,0.0
43.92,1.784,1.784,0.604,0.6,0.0
43.94,1.784,1.784,0.604,0.6,0.0
43.96,1.784,1.784,0.604,0.6,0.0
43.98,1.783,1.783,0.604,0.6,0.0
44.0,1.783,1.783,0.604,0.6,0.0
44.02,1.783,1.783,0.604,0.6,0.0
44.04,1.782,1.782,0.604,0.6,0.0
44.06,1.782,1.782,0.604,0.6,0.0
44.08,1.782,1.782,0.604,0.6,0.0
44.1,1.782,1.782,0.604,0.6,0.0
44.12,1.783,1.783,0.602,0.6,0.0
44.14,1.783,1.783,0.602,0.6,0.0
44.16,1.782,1.782,0.602,0.6,0.0
44.18,1.782,1.782,0.602,0.6,0.0
44.2,1.782,1.782,0.602,0.6,0.0
44.22,1.781,1.781,0.602,0.6,0.0
44.24,1.781,1.781,0.602,0.6,0.0
44.26,1.781,1.781,0.602,0.6,0.0
44.28,1.781,1.781,0.602,0.6,0.0
44.3,1.78,1.78,0.602,0.6,0.0
44.32,1.78,1.78,0.602,0.6,0.0
44.34,1.78,1.78,0.602,0.6,0.0
44.36,1.78,1.78,0.602,0.6,0.0
44.38,1.779,1.779,0.602,0.6,0.0
44.4,1.782,1.782,0.6,0.6,0.0
44.42,1.781,1.781,0.6,0.6,0.0
44.44,1.781,1.781,0.6,0.6,0.0
44.46,1.781,1.781,0.6,0.6,0.0
44.48,1.78,1.78,0.6,0.6,0.0
44.5,1.78,1.78,0.6,0.6,0.0
44.52,1.78,1.78,0.6,0.6,0.0
44.54,1.78,1.78,0.6,0.6,0.0
44.56,1.779,1.779,0.6,0.6,0.0
44.58,1.779,1.779,0.6,0.6,0.0
44.6,1.779,1.779,0.6,0.6,0.0
44.62,1.779,1.779,0.6,0.6,0.0
44.64,1.779,1.779,0.6,0.6,0.0
44.66,1.779,1.779,0.6,0.6,0.0
44.68,1.778,1.778,0.6,0.6,0.0
44.7,1.778,1.778,0.6,0.6,0.0
44.72,1.778,1.778,0.6,0.6,0.0
44.74,1.778,1.778,0.6,0.6,0.0
44.76,1.778,1.778,0.6,0.6,0.0
44.78,1.778,1.778,0.6,0.6,0.0
44.8,1.776,1.776,0.602,0.6,0.0
44.82,1.776,1.776,0.602,0.6,0.0
44.84,1.776,1.776,0.602,0.6,0.0
44.86,1.776,1.776,0.602,0.6,0.0
44.88,1.776,1.776,0.602,0.6,0.0
44.9,1.776,1.776,0.602,0.6,0.0
44.92,1.776,1.776,0.602,0.6,0.0
44.94,1.776,1.776,0.602,0.6,0.0
44.96,1.776,1.776,0.602,0.6,0.0
44.98,1.776,1.776,0.602,0.6,0.0
45.0,1.776,1.776,0.602,0.6,0.0
45.02,1.198,1.198,0.602,0.0,0.0
45.04,1.259,1.259,0.602,0.0,0.0
45.06,1.312,1.312,0.602,0.0,0.0
45.08,1.358,1.358,0.602,0.0,0.0
45.1,1.4,1.4,0.6,0.0,0.0
45.12,1.435,1.435,0.599,0.0,0.0
45.14,1.466,1.466,0.597,0.0,0.0
45.16,1.492,1.492,0.593,0.0,0.0
45.18,1.515,1.515,0.59,0.0,0.0
45.2,1.533,1.533,0.586,0.0,0.0
45.22,1.548,1.548,0.581,0.0,0.0
45.24,1.561,1.561,0.576,0.0,0.0
45.26,1.569,1.569,0.571,0.0,0.0
45.28,1.577,1.577,0.564,0.0,0.0
45.3,1.582,1.582,0.557,0.0,0.0
45.32,1.582,1.582,0.552,0.0,0.0
45.34,1.584,1.584,0.543,0.0,0.0
45.36,1.582,1.582,0.536,0.0,0.0
45.38,1.578,1.578,0.529,0.0,0.0
45.4,1.572,1.572,0.522,0.0,0.0
45.42,1.564,1.564,0.515,0.0,0.0
45.44,1.557,1.557,0.506,0.0,0.0
45.46,1.547,1.547,0.499,0.0,0.0
45.48,1.536,1.536,0.492,0.0,0.0
45.5,1.525,1.525,0.485,0.0,0.0
45.52,1.512,1.512,0.478,0.0,0.0
45.54,1.498,1.498,0.471,0.0,0.0
45.56,1.483,1.483,0.466,0.0,0.0
45.58,1.468,1.468,0.459,0.0,0.0
45.6,1.452,1.452,0.454,0.0,0.0
45.62,1.435,1.435,0.449,0.0,0.0
45.64,1.418,1.418,0.443,0.0,0.0
