Tiempo ,CONTROL,REI,VELOCIDAD,ANGULO,REFERENCIA,PERTURBACION
-0.4,0.0,0.0,0.0,0.0,0.0,0.0
-0.38,0.0,0.0,0.0,0.0,0.0,0.0
-0.36,0.0,0.0,0.0,0.0,0.0,0.0
-0.34,0.0,0.0,0.0,0.0,0.0,0.0
-0.32,0.0,0.0,0.0,0.0,0.0,0.0
-0.3,0.0,0.0,0.0,0.0,0.0,0.0
-0.28,0.0,0.0,0.0,0.0,0.0,0.0
-0.26,0.0,0.0,0.0,0.0,0.0,0.0
-0.24,0.0,0.0,0.0,0.0,0.0,0.0
-0.22,0.0,0.0,0.0,0.0,0.0,0.0
-0.2,0.0,0.0,0.0,0.0,0.0,0.0
-0.18,0.0,0.0,0.0,0.0,0.0,0.0
-0.16,0.0,0.0,0.0,0.0,0.0,0.0
-0.14,0.0,0.0,0.0,0.0,0.0,0.0
-0.12,0.0,0.0,0.0,0.0,0.0,0.0
-0.1,0.0,0.0,0.0,0.0,0.0,0.0
-0.08,0.0,0.0,0.0,0.0,0.0,0.0
-0.06,0.0,0.0,0.0,0.0,0.0,0.0
-0.04,0.0,0.0,0.0,0.0,0.0,0.0
-0.02,0.0,0.0,0.0,0.0,0.0,0.0
0.0,0.0,-0.256,0.66,0.047,0.0,0.0
0.02,0.0,-0.412,1.015,0.047,0.0,0.0
0.04,0.0,-0.141,0.425,0.045,0.6,0.0
0.06,0.045,0.045,0.031,0.044,0.6,0.0
0.08,0.114,0.114,-0.097,0.042,0.6,0.0
0.1,0.134,0.134,-0.109,0.04,0.6,0.0
0.12,0.152,0.152,-0.124,0.037,0.6,0.0
0.14,0.169,0.169,-0.13,0.035,0.6,0.0
0.16,0.182,0.182,-0.132,0.031,0.6,0.0
0.18,0.206,0.206,-0.158,0.028,0.6,0.0
0.2,0.225,0.225,-0.172,0.024,0.6,0.0
0.22,0.229,0.229,-0.149,0.023,0.6,0.0
0.24,0.246,0.246,-0.161,0.017,0.6,0.0
0.26,0.275,0.275,-0.197,0.014,0.6,0.0
0.28,0.285,0.285,-0.189,0.01,0.6,0.0
0.3,0.294,0.294,-0.179,0.007,0.6,0.0
0.32,0.305,0.305,-0.175,0.003,0.6,0.0
0.34,0.318,0.318,-0.174,-0.0,0.6,0.0
0.36,0.332,0.332,-0.174,-0.003,0.6,0.0
0.38,0.346,0.346,-0.174,-0.007,0.6,0.0
0.4,0.37,0.37,-0.201,-0.012,0.6,0.0
0.42,0.379,0.379,-0.189,-0.014,0.6,0.0
0.44,0.377,0.377,-0.152,-0.017,0.6,0.0
0.46,0.395,0.395,-0.16,-0.021,0.6,0.0
0.48,0.413,0.413,-0.17,-0.024,0.6,0.0
0.5,0.419,0.419,-0.148,-0.026,0.6,0.0
0.52,0.417,0.417,-0.108,-0.028,0.6,0.0
0.54,0.424,0.424,-0.09,-0.03,0.6,0.0
0.56,0.438,0.438,-0.086,-0.031,0.6,0.0
0.58,0.444,0.444,-0.06,-0.031,0.6,0.0
0.6,0.443,0.443,-0.02,-0.031,0.6,0.0
0.62,0.452,0.452,-0.002,-0.031,0.6,0.0
0.64,0.457,0.457,0.028,-0.03,0.6,0.0
0.66,0.457,0.457,0.068,-0.028,0.6,0.0
0.68,0.468,0.468,0.085,-0.026,0.6,0.0
0.7,0.474,0.474,0.115,-0.023,0.6,0.0
0.72,0.465,0.465,0.182,-0.017,0.6,0.0
0.74,0.47,0.47,0.213,-0.014,0.6,0.0
0.76,0.487,0.487,0.221,-0.009,0.6,0.0
0.78,0.485,0.485,0.273,-0.002,0.6,0.0
0.8,0.482,0.482,0.327,0.005,0.6,0.0
0.82,0.494,0.494,0.348,0.012,0.6,0.0
0.84,0.502,0.502,0.378,0.021,0.6,0.0
0.86,0.506,0.506,0.418,0.03,0.6,0.0
0.88,0.52,0.52,0.435,0.038,0.6,0.0
0.9,0.529,0.529,0.464,0.049,0.6,0.0
0.92,0.534,0.534,0.505,0.059,0.6,0.0
0.94,0.548,0.548,0.522,0.07,0.6,0.0
0.96,0.568,0.568,0.525,0.08,0.6,0.0
0.98,0.579,0.579,0.551,0.093,0.6,0.0
1.0,0.583,0.583,0.591,0.105,0.6,0.0
1.02,0.597,0.597,0.609,0.117,0.6,0.0
1.04,0.617,0.617,0.613,0.129,0.6,0.0
1.06,0.638,0.638,0.612,0.141,0.6,0.0
1.08,0.659,0.659,0.611,0.154,0.6,0.0
1.1,0.68,0.68,0.611,0.166,0.6,0.0
1.12,0.7,0.7,0.611,0.178,0.6,0.0
1.14,0.719,0.719,0.611,0.19,0.6,0.0
1.16,0.739,0.739,0.611,0.202,0.6,0.0
1.18,0.758,0.758,0.611,0.215,0.6,0.0
1.2,0.787,0.787,0.584,0.225,0.6,0.0
1.22,0.812,0.812,0.57,0.237,0.6,0.0
1.24,0.83,0.83,0.566,0.248,0.6,0.0
1.26,0.858,0.858,0.54,0.258,0.6,0.0
1.28,0.881,0.881,0.526,0.269,0.6,0.0
1.3,0.909,0.909,0.496,0.278,0.6,0.0
1.32,0.931,0.931,0.482,0.288,0.6,0.0
1.34,0.947,0.947,0.479,0.297,0.6,0.0
1.36,0.983,0.983,0.426,0.304,0.6,0.0
1.38,1.009,1.009,0.398,0.312,0.6,0.0
1.4,1.024,1.024,0.391,0.319,0.6,0.0
1.42,1.048,1.048,0.365,0.326,0.6,0.0
1.44,1.076,1.076,0.325,0.332,0.6,0.0
1.46,1.096,1.096,0.308,0.339,0.6,0.0
1.48,1.108,1.108,0.304,0.344,0.6,0.0
1.5,1.13,1.13,0.278,0.349,0.6,0.0
1.52,1.146,1.146,0.264,0.354,0.6,0.0
1.54,1.168,1.168,0.235,0.358,0.6,0.0
1.56,1.185,1.185,0.22,0.363,0.6,0.0
1.58,1.195,1.195,0.217,0.367,0.6,0.0
1.6,1.215,1.215,0.191,0.37,0.6,0.0
1.62,1.229,1.229,0.177,0.374,0.6,0.0
1.64,1.239,1.239,0.174,0.377,0.6,0.0
1.66,1.248,1.248,0.174,0.38,0.6,0.0
1.68,1.256,1.256,0.174,0.384,0.6,0.0
1.7,1.264,1.264,0.174,0.387,0.6,0.0
1.72,1.272,1.272,0.175,0.391,0.6,0.0
1.74,1.28,1.28,0.175,0.394,0.6,0.0
1.76,1.288,1.288,0.175,0.398,0.6,0.0
1.78,1.296,1.296,0.175,0.401,0.6,0.0
1.8,1.314,1.314,0.148,0.403,0.6,0.0
1.82,1.327,1.327,0.134,0.407,0.6,0.0
1.84,1.325,1.325,0.156,0.41,0.6,0.0
1.86,1.326,1.326,0.171,0.414,0.6,0.0
1.88,1.332,1.332,0.175,0.417,0.6,0.0
1.9,1.339,1.339,0.175,0.421,0.6,0.0
1.92,1.346,1.346,0.175,0.424,0.6,0.0
1.94,1.354,1.354,0.175,0.428,0.6,0.0
1.96,1.361,1.361,0.175,0.431,0.6,0.0
1.98,1.368,1.368,0.175,0.435,0.6,0.0
2.0,1.374,1.374,0.175,0.438,0.6,0.0
2.02,1.371,1.371,0.201,0.443,0.6,0.0
2.04,1.371,1.371,0.215,0.447,0.6,0.0
2.06,1.388,1.388,0.193,0.45,0.6,0.0
2.08,1.4,1.4,0.178,0.454,0.6,0.0
2.1,1.398,1.398,0.2,0.459,0.6,0.0
2.12,1.398,1.398,0.214,0.463,0.6,0.0
2.14,1.414,1.414,0.192,0.466,0.6,0.0
2.16,1.416,1.416,0.205,0.471,0.6,0.0
2.18,1.417,1.417,0.215,0.475,0.6,0.0
2.2,1.433,1.433,0.192,0.478,0.6,0.0
2.22,1.434,1.434,0.204,0.483,0.6,0.0
2.24,1.435,1.435,0.215,0.487,0.6,0.0
2.26,1.451,1.451,0.192,0.49,0.6,0.0
2.28,1.462,1.462,0.178,0.494,0.6,0.0
2.3,1.469,1.469,0.174,0.497,0.6,0.0
2.32,1.464,1.464,0.2,0.503,0.6,0.0
2.34,1.463,1.463,0.215,0.506,0.6,0.0
2.36,1.477,1.477,0.193,0.51,0.6,0.0
2.38,1.488,1.488,0.178,0.513,0.6,0.0
2.4,1.495,1.495,0.174,0.517,0.6,0.0
2.42,1.5,1.5,0.174,0.52,0.6,0.0
2.44,1.504,1.504,0.174,0.524,0.6,0.0
2.46,1.519,1.519,0.148,0.525,0.6,0.0
2.48,1.529,1.529,0.134,0.529,0.6,0.0
2.5,1.524,1.524,0.156,0.532,0.6,0.0
2.52,1.532,1.532,0.144,0.534,0.6,0.0
2.54,1.541,1.541,0.134,0.538,0.6,0.0
2.56,1.545,1.545,0.131,0.539,0.6,0.0
2.58,1.549,1.549,0.13,0.543,0.6,0.0
2.6,1.552,1.552,0.131,0.545,0.6,0.0
2.62,1.566,1.566,0.104,0.546,0.6,0.0
2.64,1.565,1.565,0.117,0.55,0.6,0.0
2.66,1.563,1.563,0.127,0.552,0.6,0.0
2.68,1.575,1.575,0.104,0.553,0.6,0.0
2.7,1.583,1.583,0.091,0.555,0.6,0.0
2.72,1.588,1.588,0.087,0.557,0.6,0.0
2.74,1.6,1.6,0.06,0.557,0.6,0.0
2.76,1.609,1.609,0.046,0.559,0.6,0.0
2.78,1.601,1.601,0.069,0.56,0.6,0.0
2.8,1.597,1.597,0.083,0.562,0.6,0.0
2.82,1.608,1.608,0.061,0.562,0.6,0.0
2.84,1.616,1.616,0.047,0.564,0.6,0.0
2.86,1.609,1.609,0.07,0.565,0.6,0.0
2.88,1.615,1.615,0.057,0.565,0.6,0.0
2.9,1.621,1.621,0.047,0.567,0.6,0.0
2.92,1.624,1.624,0.044,0.567,0.6,0.0
2.94,1.637,1.637,0.017,0.567,0.6,0.0
2.96,1.633,1.633,0.029,0.569,0.6,0.0
2.98,1.629,1.629,0.04,0.569,0.6,0.0
3.0,1.63,1.63,0.044,0.571,0.6,0.0
3.02,1.63,1.63,0.044,0.571,0.6,0.0
3.04,1.643,1.643,0.018,0.571,0.6,0.0
3.06,1.639,1.639,0.03,0.572,0.6,0.0
3.08,1.636,1.636,0.04,0.572,0.6,0.0
3.1,1.636,1.636,0.044,0.574,0.6,0.0
3.12,1.636,1.636,0.044,0.574,0.6,0.0
3.14,1.649,1.649,0.018,0.574,0.6,0.0
3.16,1.645,1.645,0.03,0.576,0.6,0.0
3.18,1.642,1.642,0.04,0.576,0.6,0.0
3.2,1.642,1.642,0.044,0.578,0.6,0.0
3.22,1.642,1.642,0.044,0.578,0.6,0.0
3.24,1.654,1.654,0.018,0.578,0.6,0.0
3.26,1.651,1.651,0.03,0.579,0.6,0.0
3.28,1.647,1.647,0.04,0.579,0.6,0.0
3.3,1.657,1.657,0.017,0.579,0.6,0.0
3.32,1.653,1.653,0.03,0.581,0.6,0.0
3.34,1.65,1.65,0.04,0.581,0.6,0.0
3.36,1.66,1.66,0.017,0.581,0.6,0.0
3.38,1.667,1.667,0.004,0.581,0.6,0.0
3.4,1.659,1.659,0.026,0.583,0.6,0.0
3.42,1.653,1.653,0.04,0.583,0.6,0.0
3.44,1.663,1.663,0.018,0.583,0.6,0.0
3.46,1.659,1.659,0.03,0.585,0.6,0.0
3.48,1.655,1.655,0.04,0.585,0.6,0.0
3.5,1.666,1.666,0.017,0.585,0.6,0.0
3.52,1.662,1.662,0.03,0.586,0.6,0.0
3.54,1.658,1.658,0.04,0.586,0.6,0.0
3.56,1.668,1.668,0.017,0.586,0.6,0.0
3.58,1.664,1.664,0.03,0.588,0.6,0.0
3.6,1.66,1.66,0.04,0.588,0.6,0.0
3.62,1.67,1.67,0.017,0.588,0.6,0.0
3.64,1.676,1.676,0.004,0.588,0.6,0.0
3.66,1.668,1.668,0.026,0.59,0.6,0.0
3.68,1.662,1.662,0.04,0.59,0.6,0.0
3.7,1.672,1.672,0.018,0.59,0.6,0.0
3.72,1.679,1.679,0.004,0.59,0.6,0.0
3.74,1.671,1.671,0.026,0.592,0.6,0.0
3.76,1.665,1.665,0.04,0.592,0.6,0.0
3.78,1.675,1.675,0.018,0.592,0.6,0.0
3.8,1.681,1.681,0.004,0.592,0.6,0.0
3.82,1.673,1.673,0.026,0.593,0.6,0.0
3.84,1.667,1.667,0.04,0.593,0.6,0.0
3.86,1.677,1.677,0.018,0.593,0.6,0.0
3.88,1.683,1.683,0.004,0.593,0.6,0.0
3.9,1.685,1.685,-0.0,0.593,0.6,0.0
3.92,1.685,1.685,-0.001,0.593,0.6,0.0
3.94,1.685,1.685,-0.0,0.593,0.6,0.0
3.96,1.685,1.685,-0.0,0.593,0.6,0.0
3.98,1.685,1.685,0.0,0.593,0.6,0.0
4.0,1.686,1.686,0.0,0.593,0.6,0.0
4.02,1.675,1.675,0.026,0.595,0.6,0.0
4.04,1.669,1.669,0.041,0.595,0.6,0.0
4.06,1.679,1.679,0.018,0.595,0.6,0.0
4.08,1.686,1.686,0.004,0.595,0.6,0.0
4.1,1.688,1.688,-0.0,0.595,0.6,0.0
4.12,1.688,1.688,-0.001,0.595,0.6,0.0
4.14,1.688,1.688,-0.0,0.595,0.6,0.0
4.16,1.688,1.688,-0.0,0.595,0.6,0.0
4.18,1.688,1.688,0.0,0.595,0.6,0.0
4.2,1.678,1.678,0.026,0.597,0.6,0.0
4.22,1.672,1.672,0.041,0.597,0.6,0.0
4.24,1.682,1.682,0.018,0.597,0.6,0.0
4.26,1.688,1.688,0.004,0.597,0.6,0.0
4.28,1.69,1.69,-0.0,0.597,0.6,0.0
4.3,1.69,1.69,-0.001,0.597,0.6,0.0
4.32,1.69,1.69,-0.0,0.597,0.6,0.0
4.34,1.69,1.69,-0.0,0.597,0.6,0.0
4.36,1.68,1.68,0.026,0.599,0.6,0.0
4.38,1.673,1.673,0.041,0.599,0.6,0.0
4.4,1.683,1.683,0.018,0.599,0.6,0.0
4.42,1.69,1.69,0.004,0.599,0.6,0.0
4.44,1.692,1.692,-0.0,0.599,0.6,0.0
4.46,1.692,1.692,-0.001,0.599,0.6,0.0
4.48,1.692,1.692,-0.0,0.599,0.6,0.0
4.5,1.691,1.691,-0.0,0.599,0.6,0.0
4.52,1.691,1.691,0.0,0.599,0.6,0.0
4.54,1.691,1.691,0.0,0.599,0.6,0.0
4.56,1.692,1.692,0.0,0.599,0.6,0.0
4.58,1.692,1.692,0.0,0.599,0.6,0.0
4.6,1.692,1.692,0.0,0.599,0.6,0.0
4.62,1.692,1.692,0.0,0.599,0.6,0.0
4.64,1.692,1.692,0.0,0.599,0.6,0.0
4.66,1.681,1.681,0.026,0.6,0.6,0.0
4.68,1.675,1.675,0.041,0.6,0.6,0.0
4.7,1.685,1.685,0.018,0.6,0.6,0.0
4.72,1.691,1.691,0.004,0.6,0.6,0.0
4.74,1.693,1.693,-0.0,0.6,0.6,0.0
4.76,1.693,1.693,-0.001,0.6,0.6,0.0
4.78,1.703,1.703,-0.027,0.599,0.6,0.0
4.8,1.709,1.709,-0.041,0.599,0.6,0.0
4.82,1.7,1.7,-0.018,0.599,0.6,0.0
4.84,1.693,1.693,-0.004,0.599,0.6,0.0
4.86,1.692,1.692,0.0,0.599,0.6,0.0
4.88,1.691,1.691,0.001,0.599,0.6,0.0
4.9,1.692,1.692,0.0,0.599,0.6,0.0
4.92,1.692,1.692,0.0,0.599,0.6,0.0
4.94,1.692,1.692,-0.0,0.599,0.6,0.0
4.96,1.692,1.692,-0.0,0.599,0.6,0.0
4.98,1.692,1.692,-0.0,0.599,0.6,0.0
5.0,1.692,1.692,-0.0,0.599,0.6,0.0
5.02,1.692,1.692,0.0,0.599,0.6,0.0
5.04,1.692,1.692,0.0,0.599,0.6,0.0
5.06,1.692,1.692,0.0,0.599,0.6,0.0
5.08,1.692,1.692,0.0,0.599,0.6,0.0
5.1,1.692,1.692,0.0,0.599,0.6,0.0
5.12,1.703,1.703,-0.026,0.597,0.6,0.0
5.14,1.709,1.709,-0.041,0.597,0.6,0.0
5.16,1.699,1.699,-0.018,0.597,0.6,0.0
5.18,1.693,1.693,-0.004,0.597,0.6,0.0
5.2,1.691,1.691,0.0,0.597,0.6,0.0
5.22,1.691,1.691,0.001,0.597,0.6,0.0
5.24,1.691,1.691,0.0,0.597,0.6,0.0
5.26,1.692,1.692,0.0,0.597,0.6,0.0
5.28,1.692,1.692,-0.0,0.597,0.6,0.0
5.3,1.692,1.692,-0.0,0.597,0.6,0.0
5.32,1.692,1.692,-0.0,0.597,0.6,0.0
5.34,1.692,1.692,-0.0,0.597,0.6,0.0
5.36,1.692,1.692,0.0,0.597,0.6,0.0
5.38,1.692,1.692,0.0,0.597,0.6,0.0
5.4,1.692,1.692,0.0,0.597,0.6,0.0
5.42,1.692,1.692,0.0,0.597,0.6,0.0
5.44,1.692,1.692,0.0,0.597,0.6,0.0
5.46,1.692,1.692,0.0,0.597,0.6,0.0
5.48,1.693,1.693,0.0,0.597,0.6,0.0
5.5,1.693,1.693,0.0,0.597,0.6,0.0
5.52,1.682,1.682,0.026,0.599,0.6,0.0
5.54,1.676,1.676,0.041,0.599,0.6,0.0
5.56,1.686,1.686,0.018,0.599,0.6,0.0
5.58,1.692,1.692,0.004,0.599,0.6,0.0
5.6,1.694,1.694,-0.0,0.599,0.6,0.0
5.62,1.694,1.694,-0.001,0.599,0.6,0.0
5.64,1.694,1.694,-0.0,0.599,0.6,0.0
5.66,1.694,1.694,-0.0,0.599,0.6,0.0
5.68,1.694,1.694,0.0,0.599,0.6,0.0
5.7,1.694,1.694,0.0,0.599,0.6,0.0
5.72,1.694,1.694,0.0,0.599,0.6,0.0
5.74,1.694,1.694,0.0,0.599,0.6,0.0
5.76,1.694,1.694,0.0,0.599,0.6,0.0
5.78,1.694,1.694,0.0,0.599,0.6,0.0
5.8,1.694,1.694,0.0,0.599,0.6,0.0
5.82,1.694,1.694,0.0,0.599,0.6,0.0
5.84,1.694,1.694,0.0,0.599,0.6,0.0
5.86,1.695,1.695,0.0,0.599,0.6,0.0
5.88,1.695,1.695,0.0,0.599,0.6,0.0
5.9,1.695,1.695,0.0,0.599,0.6,0.0
5.92,1.705,1.705,-0.026,0.597,0.6,0.0
5.94,1.711,1.711,-0.041,0.597,0.6,0.0
5.96,1.701,1.701,-0.018,0.597,0.6,0.0
5.98,1.695,1.695,-0.004,0.597,0.6,0.0
6.0,1.694,1.694,0.0,0.597,0.6,0.0
6.02,1.693,1.693,0.001,0.597,0.6,0.0
6.04,1.694,1.694,0.0,0.597,0.6,0.0
6.06,1.694,1.694,0.0,0.597,0.6,0.0
6.08,1.694,1.694,-0.0,0.597,0.6,0.0
6.1,1.694,1.694,-0.0,0.597,0.6,0.0
6.12,1.705,1.705,-0.026,0.595,0.6,0.0
6.14,1.711,1.711,-0.041,0.595,0.6,0.0
6.16,1.701,1.701,-0.018,0.595,0.6,0.0
6.18,1.695,1.695,-0.004,0.595,0.6,0.0
6.2,1.693,1.693,0.0,0.595,0.6,0.0
6.22,1.693,1.693,0.001,0.595,0.6,0.0
6.24,1.694,1.694,0.0,0.595,0.6,0.0
6.26,1.694,1.694,0.0,0.595,0.6,0.0
6.28,1.694,1.694,-0.0,0.595,0.6,0.0
6.3,1.694,1.694,-0.0,0.595,0.6,0.0
6.32,1.694,1.694,-0.0,0.595,0.6,0.0
6.34,1.694,1.694,-0.0,0.595,0.6,0.0
6.36,1.695,1.695,0.0,0.595,0.6,0.0
6.38,1.695,1.695,0.0,0.595,0.6,0.0
6.4,1.695,1.695,0.0,0.595,0.6,0.0
6.42,1.695,1.695,0.0,0.595,0.6,0.0
6.44,1.695,1.695,0.0,0.595,0.6,0.0
6.46,1.695,1.695,0.0,0.595,0.6,0.0
6.48,1.685,1.685,0.026,0.597,0.6,0.0
6.5,1.679,1.679,0.041,0.597,0.6,0.0
6.52,1.689,1.689,0.018,0.597,0.6,0.0
6.54,1.695,1.695,0.004,0.597,0.6,0.0
6.56,1.697,1.697,-0.0,0.597,0.6,0.0
6.58,1.697,1.697,-0.001,0.597,0.6,0.0
6.6,1.697,1.697,-0.0,0.597,0.6,0.0
6.62,1.697,1.697,-0.0,0.597,0.6,0.0
6.64,1.697,1.697,0.0,0.597,0.6,0.0
6.66,1.697,1.697,0.0,0.597,0.6,0.0
6.68,1.697,1.697,0.0,0.597,0.6,0.0
6.7,1.697,1.697,0.0,0.597,0.6,0.0
6.72,1.698,1.698,0.0,0.597,0.6,0.0
6.74,1.698,1.698,0.0,0.597,0.6,0.0
6.76,1.698,1.698,0.0,0.597,0.6,0.0
6.78,1.698,1.698,0.0,0.597,0.6,0.0
6.8,1.698,1.698,0.0,0.597,0.6,0.0
6.82,1.698,1.698,0.0,0.597,0.6,0.0
6.84,1.698,1.698,0.0,0.597,0.6,0.0
6.86,1.698,1.698,0.0,0.597,0.6,0.0
6.88,1.698,1.698,0.0,0.597,0.6,0.0
6.9,1.698,1.698,0.0,0.597,0.6,0.0
6.92,1.698,1.698,0.0,0.597,0.6,0.0
6.94,1.698,1.698,0.0,0.597,0.6,0.0
6.96,1.699,1.699,0.0,0.597,0.6,0.0
6.98,1.699,1.699,0.0,0.597,0.6,0.0
7.0,1.699,1.699,0.0,0.597,0.6,0.0
7.02,1.699,1.699,0.0,0.597,0.6,0.0
7.04,1.699,1.699,0.0,0.597,0.6,0.0
7.06,1.699,1.699,0.0,0.597,0.6,0.0
7.08,1.699,1.699,0.0,0.597,0.6,0.0
7.1,1.699,1.699,0.0,0.597,0.6,0.0
7.12,1.699,1.699,0.0,0.597,0.6,0.0
7.14,1.699,1.699,0.0,0.597,0.6,0.0
7.16,1.699,1.699,0.0,0.597,0.6,0.0
7.18,1.699,1.699,0.0,0.597,0.6,0.0
7.2,1.7,1.7,0.0,0.597,0.6,0.0
7.22,1.7,1.7,0.0,0.597,0.6,0.0
7.24,1.7,1.7,0.0,0.597,0.6,0.0
7.26,1.7,1.7,0.0,0.597,0.6,0.0
7.28,1.7,1.7,0.0,0.597,0.6,0.0
7.3,1.7,1.7,0.0,0.597,0.6,0.0
7.32,1.7,1.7,0.0,0.597,0.6,0.0
7.34,1.7,1.7,0.0,0.597,0.6,0.0
7.36,1.7,1.7,0.0,0.597,0.6,0.0
7.38,1.7,1.7,0.0,0.597,0.6,0.0
7.4,1.7,1.7,0.0,0.597,0.6,0.0
7.42,1.7,1.7,0.0,0.597,0.6,0.0
7.44,1.701,1.701,0.0,0.597,0.6,0.0
7.46,1.701,1.701,0.0,0.597,0.6,0.0
7.48,1.701,1.701,0.0,0.597,0.6,0.0
7.5,1.701,1.701,0.0,0.597,0.6,0.0
7.52,1.701,1.701,0.0,0.597,0.6,0.0
7.54,1.701,1.701,0.0,0.597,0.6,0.0
7.56,1.701,1.701,0.0,0.597,0.6,0.0
7.58,1.701,1.701,0.0,0.597,0.6,0.0
7.6,1.701,1.701,0.0,0.597,0.6,0.0
7.62,1.712,1.712,-0.026,0.595,0.6,0.0
7.64,1.718,1.718,-0.041,0.595,0.6,0.0
7.66,1.708,1.708,-0.018,0.595,0.6,0.0
7.68,1.702,1.702,-0.004,0.595,0.6,0.0
7.7,1.7,1.7,0.0,0.595,0.6,0.0
7.72,1.7,1.7,0.001,0.595,0.6,0.0
7.74,1.701,1.701,0.0,0.595,0.6,0.0
7.76,1.701,1.701,0.0,0.595,0.6,0.0
7.78,1.701,1.701,-0.0,0.595,0.6,0.0
7.8,1.701,1.701,-0.0,0.595,0.6,0.0
7.82,1.701,1.701,-0.0,0.595,0.6,0.0
7.84,1.712,1.712,-0.026,0.593,0.6,0.0
7.86,1.718,1.718,-0.041,0.593,0.6,0.0
7.88,1.708,1.708,-0.018,0.593,0.6,0.0
7.9,1.702,1.702,-0.004,0.593,0.6,0.0
7.92,1.701,1.701,0.0,0.593,0.6,0.0
7.94,1.701,1.701,0.001,0.593,0.6,0.0
7.96,1.701,1.701,0.0,0.593,0.6,0.0
7.98,1.701,1.701,0.0,0.593,0.6,0.0
8.0,1.702,1.702,-0.0,0.593,0.6,0.0
8.02,1.702,1.702,-0.0,0.593,0.6,0.0
8.04,1.702,1.702,-0.0,0.593,0.6,0.0
8.06,1.702,1.702,-0.0,0.593,0.6,0.0
8.08,1.702,1.702,0.0,0.593,0.6,0.0
8.1,1.703,1.703,0.0,0.593,0.6,0.0
8.12,1.703,1.703,0.0,0.593,0.6,0.0
8.14,1.703,1.703,0.0,0.593,0.6,0.0
8.16,1.703,1.703,0.0,0.593,0.6,0.0
8.18,1.703,1.703,0.0,0.593,0.6,0.0
8.2,1.703,1.703,0.0,0.593,0.6,0.0
8.22,1.704,1.704,0.0,0.593,0.6,0.0
8.24,1.704,1.704,0.0,0.593,0.6,0.0
8.26,1.704,1.704,0.0,0.593,0.6,0.0
8.28,1.704,1.704,0.0,0.593,0.6,0.0
8.3,1.704,1.704,0.0,0.593,0.6,0.0
8.32,1.704,1.704,0.0,0.593,0.6,0.0
8.34,1.705,1.705,0.0,0.593,0.6,0.0
8.36,1.705,1.705,0.0,0.593,0.6,0.0
8.38,1.705,1.705,0.0,0.593,0.6,0.0
8.4,1.705,1.705,0.0,0.593,0.6,0.0
8.42,1.705,1.705,0.0,0.593,0.6,0.0
8.44,1.705,1.705,0.0,0.593,0.6,0.0
8.46,1.706,1.706,0.0,0.593,0.6,0.0
8.48,1.706,1.706,0.0,0.593,0.6,0.0
8.5,1.706,1.706,0.0,0.593,0.6,0.0
8.52,1.706,1.706,0.0,0.593,0.6,0.0
8.54,1.706,1.706,0.0,0.593,0.6,0.0
8.56,1.707,1.707,0.0,0.593,0.6,0.0
8.58,1.707,1.707,0.0,0.593,0.6,0.0
8.6,1.707,1.707,0.0,0.593,0.6,0.0
8.62,1.707,1.707,0.0,0.593,0.6,0.0
8.64,1.707,1.707,0.0,0.593,0.6,0.0
8.66,1.707,1.707,0.0,0.593,0.6,0.0
8.68,1.708,1.708,0.0,0.593,0.6,0.0
8.7,1.708,1.708,0.0,0.593,0.6,0.0
8.72,1.708,1.708,0.0,0.593,0.6,0.0
8.74,1.708,1.708,0.0,0.593,0.6,0.0
8.76,1.698,1.698,0.026,0.595,0.6,0.0
8.78,1.692,1.692,0.041,0.595,0.6,0.0
8.8,1.702,1.702,0.018,0.595,0.6,0.0
8.82,1.708,1.708,0.004,0.595,0.6,0.0
8.84,1.71,1.71,-0.0,0.595,0.6,0.0
8.86,1.711,1.711,-0.001,0.595,0.6,0.0
8.88,1.71,1.71,-0.0,0.595,0.6,0.0
8.9,1.71,1.71,-0.0,0.595,0.6,0.0
8.92,1.711,1.711,0.0,0.595,0.6,0.0
8.94,1.711,1.711,0.0,0.595,0.6,0.0
8.96,1.711,1.711,0.0,0.595,0.6,0.0
8.98,1.711,1.711,0.0,0.595,0.6,0.0
9.0,1.711,1.711,0.0,0.595,0.6,0.0
9.02,1.722,1.722,-0.026,0.593,0.6,0.0
9.04,1.728,1.728,-0.041,0.593,0.6,0.0
9.06,1.718,1.718,-0.018,0.593,0.6,0.0
9.08,1.712,1.712,-0.004,0.593,0.6,0.0
9.1,1.71,1.71,0.0,0.593,0.6,0.0
9.12,1.71,1.71,0.001,0.593,0.6,0.0
9.14,1.711,1.711,0.0,0.593,0.6,0.0
9.16,1.711,1.711,0.0,0.593,0.6,0.0
9.18,1.711,1.711,-0.0,0.593,0.6,0.0
9.2,1.701,1.701,0.026,0.595,0.6,0.0
9.22,1.695,1.695,0.041,0.595,0.6,0.0
9.24,1.705,1.705,0.018,0.595,0.6,0.0
9.26,1.711,1.711,0.004,0.595,0.6,0.0
9.28,1.713,1.713,-0.0,0.595,0.6,0.0
9.3,1.714,1.714,-0.001,0.595,0.6,0.0
9.32,1.714,1.714,-0.0,0.595,0.6,0.0
9.34,1.714,1.714,-0.0,0.595,0.6,0.0
9.36,1.714,1.714,0.0,0.595,0.6,0.0
9.38,1.714,1.714,0.0,0.595,0.6,0.0
9.4,1.714,1.714,0.0,0.595,0.6,0.0
9.42,1.714,1.714,0.0,0.595,0.6,0.0
9.44,1.704,1.704,0.026,0.597,0.6,0.0
9.46,1.698,1.698,0.041,0.597,0.6,0.0
9.48,1.708,1.708,0.018,0.597,0.6,0.0
9.5,1.714,1.714,0.004,0.597,0.6,0.0
9.52,1.716,1.716,-0.0,0.597,0.6,0.0
9.54,1.716,1.716,-0.001,0.597,0.6,0.0
9.56,1.706,1.706,0.026,0.599,0.6,0.0
9.58,1.7,1.7,0.041,0.599,0.6,0.0
9.6,1.709,1.709,0.018,0.599,0.6,0.0
9.62,1.716,1.716,0.004,0.599,0.6,0.0
9.64,1.718,1.718,-0.0,0.599,0.6,0.0
9.66,1.718,1.718,-0.001,0.599,0.6,0.0
9.68,1.718,1.718,-0.0,0.599,0.6,0.0
9.7,1.707,1.707,0.026,0.6,0.6,0.0
9.72,1.701,1.701,0.041,0.6,0.6,0.0
9.74,1.711,1.711,0.018,0.6,0.6,0.0
9.76,1.717,1.717,0.004,0.6,0.6,0.0
9.78,1.719,1.719,-0.0,0.6,0.6,0.0
9.8,1.719,1.719,-0.001,0.6,0.6,0.0
9.82,1.719,1.719,-0.0,0.6,0.6,0.0
9.84,1.719,1.719,-0.0,0.6,0.6,0.0
9.86,1.719,1.719,0.0,0.6,0.6,0.0
9.88,1.708,1.708,0.026,0.602,0.6,0.0
9.9,1.702,1.702,0.041,0.602,0.6,0.0
9.92,1.712,1.712,0.018,0.602,0.6,0.0
9.94,1.718,1.718,0.004,0.602,0.6,0.0
9.96,1.72,1.72,-0.0,0.602,0.6,0.0
9.98,1.72,1.72,-0.001,0.602,0.6,0.0
10.0,1.72,1.72,-0.0,0.602,0.6,0.0
10.02,1.719,1.719,-0.0,0.602,0.6,0.0
10.04,1.719,1.719,0.0,0.602,0.6,0.0
10.06,1.719,1.719,0.0,0.602,0.6,0.0
10.08,1.719,1.719,0.0,0.602,0.6,0.0
10.1,1.719,1.719,0.0,0.602,0.6,0.0
10.12,1.719,1.719,0.0,0.602,0.6,0.0
10.14,1.719,1.719,0.0,0.602,0.6,0.0
10.16,1.709,1.709,0.026,0.604,0.6,0.0
10.18,1.702,1.702,0.041,0.604,0.6,0.0
10.2,1.712,1.712,0.018,0.604,0.6,0.0
10.22,1.718,1.718,0.004,0.604,0.6,0.0
10.24,1.72,1.72,-0.0,0.604,0.6,0.0
10.26,1.72,1.72,-0.001,0.604,0.6,0.0
10.28,1.72,1.72,-0.0,0.604,0.6,0.0
10.3,1.72,1.72,-0.0,0.604,0.6,0.0
10.32,1.719,1.719,0.0,0.604,0.6,0.0
10.34,1.719,1.719,0.0,0.604,0.6,0.0
10.36,1.719,1.719,0.0,0.604,0.6,0.0
10.38,1.719,1.719,0.0,0.604,0.6,0.0
10.4,1.719,1.719,0.0,0.604,0.6,0.0
10.42,1.719,1.719,0.0,0.604,0.6,0.0
10.44,1.719,1.719,0.0,0.604,0.6,0.0
10.46,1.719,1.719,0.0,0.604,0.6,0.0
10.48,1.719,1.719,0.0,0.604,0.6,0.0
10.5,1.718,1.718,0.0,0.604,0.6,0.0
10.52,1.718,1.718,0.0,0.604,0.6,0.0
10.54,1.718,1.718,0.0,0.604,0.6,0.0
10.56,1.708,1.708,0.026,0.606,0.6,0.0
10.58,1.701,1.701,0.041,0.606,0.6,0.0
10.6,1.711,1.711,0.018,0.606,0.6,0.0
10.62,1.717,1.717,0.004,0.606,0.6,0.0
10.64,1.719,1.719,-0.0,0.606,0.6,0.0
10.66,1.719,1.719,-0.001,0.606,0.6,0.0
10.68,1.719,1.719,-0.0,0.606,0.6,0.0
10.7,1.718,1.718,-0.0,0.606,0.6,0.0
10.72,1.729,1.729,-0.026,0.604,0.6,0.0
10.74,1.735,1.735,-0.041,0.604,0.6,0.0
10.76,1.725,1.725,-0.018,0.604,0.6,0.0
10.78,1.718,1.718,-0.004,0.604,0.6,0.0
10.8,1.716,1.716,0.0,0.604,0.6,0.0
10.82,1.716,1.716,0.001,0.604,0.6,0.0
10.84,1.716,1.716,0.0,0.604,0.6,0.0
10.86,1.716,1.716,0.0,0.604,0.6,0.0
10.88,1.716,1.716,-0.0,0.604,0.6,0.0
10.9,1.716,1.716,-0.0,0.604,0.6,0.0
10.92,1.716,1.716,-0.0,0.604,0.6,0.0
10.94,1.716,1.716,-0.0,0.604,0.6,0.0
10.96,1.716,1.716,0.0,0.604,0.6,0.0
10.98,1.716,1.716,0.0,0.604,0.6,0.0
11.0,1.716,1.716,0.0,0.604,0.6,0.0
11.02,1.715,1.715,0.0,0.604,0.6,0.0
11.04,1.715,1.715,0.0,0.604,0.6,0.0
11.06,1.715,1.715,0.0,0.604,0.6,0.0
11.08,1.715,1.715,0.0,0.604,0.6,0.0
11.1,1.715,1.715,0.0,0.604,0.6,0.0
11.12,1.705,1.705,0.026,0.606,0.6,0.0
11.14,1.698,1.698,0.041,0.606,0.6,0.0
11.16,1.708,1.708,0.018,0.606,0.6,0.0
11.18,1.714,1.714,0.004,0.606,0.6,0.0
11.2,1.716,1.716,-0.0,0.606,0.6,0.0
11.22,1.716,1.716,-0.001,0.606,0.6,0.0
11.24,1.715,1.715,-0.0,0.606,0.6,0.0
11.26,1.715,1.715,-0.0,0.606,0.6,0.0
11.28,1.715,1.715,0.0,0.606,0.6,0.0
11.3,1.715,1.715,0.0,0.606,0.6,0.0
11.32,1.715,1.715,0.0,0.606,0.6,0.0
11.34,1.714,1.714,0.0,0.606,0.6,0.0
11.36,1.714,1.714,0.0,0.606,0.6,0.0
11.38,1.714,1.714,0.0,0.606,0.6,0.0
11.4,1.714,1.714,0.0,0.606,0.6,0.0
11.42,1.724,1.724,-0.026,0.604,0.6,0.0
11.44,1.73,1.73,-0.041,0.604,0.6,0.0
11.46,1.72,1.72,-0.018,0.604,0.6,0.0
11.48,1.704,1.704,0.022,0.606,0.6,0.0
11.5,1.695,1.695,0.041,0.606,0.6,0.0
11.52,1.705,1.705,0.019,0.606,0.6,0.0
11.54,1.711,1.711,0.004,0.606,0.6,0.0
11.56,1.713,1.713,-0.0,0.606,0.6,0.0
11.58,1.713,1.713,-0.001,0.606,0.6,0.0
11.6,1.713,1.713,-0.0,0.606,0.6,0.0
11.62,1.713,1.713,-0.0,0.606,0.6,0.0
11.64,1.712,1.712,0.0,0.606,0.6,0.0
11.66,1.712,1.712,0.0,0.606,0.6,0.0
11.68,1.722,1.722,-0.026,0.604,0.6,0.0
11.7,1.728,1.728,-0.041,0.604,0.6,0.0
11.72,1.719,1.719,-0.018,0.604,0.6,0.0
11.74,1.712,1.712,-0.004,0.604,0.6,0.0
11.76,1.71,1.71,0.0,0.604,0.6,0.0
11.78,1.7,1.7,0.027,0.606,0.6,0.0
11.8,1.693,1.693,0.041,0.606,0.6,0.0
11.82,1.703,1.703,0.018,0.606,0.6,0.0
11.84,1.709,1.709,0.004,0.606,0.6,0.0
11.86,1.721,1.721,-0.027,0.604,0.6,0.0
11.88,1.728,1.728,-0.041,0.604,0.6,0.0
11.9,1.718,1.718,-0.018,0.604,0.6,0.0
11.92,1.711,1.711,-0.004,0.604,0.6,0.0
11.94,1.709,1.709,0.0,0.604,0.6,0.0
11.96,1.709,1.709,0.001,0.604,0.6,0.0
11.98,1.709,1.709,0.0,0.604,0.6,0.0
12.0,1.709,1.709,0.0,0.604,0.6,0.0
12.02,1.709,1.709,-0.0,0.604,0.6,0.0
12.04,1.709,1.709,-0.0,0.604,0.6,0.0
12.06,1.709,1.709,-0.0,0.604,0.6,0.0
12.08,1.709,1.709,-0.0,0.604,0.6,0.0
12.1,1.719,1.719,-0.026,0.602,0.6,0.0
12.12,1.725,1.725,-0.041,0.602,0.6,0.0
12.14,1.715,1.715,-0.018,0.602,0.6,0.0
12.16,1.709,1.709,-0.004,0.602,0.6,0.0
12.18,1.707,1.707,0.0,0.602,0.6,0.0
12.2,1.717,1.717,-0.026,0.6,0.6,0.0
12.22,1.723,1.723,-0.04,0.6,0.6,0.0
12.24,1.714,1.714,-0.018,0.6,0.6,0.0
12.26,1.707,1.707,-0.004,0.6,0.6,0.0
12.28,1.706,1.706,0.0,0.6,0.6,0.0
12.3,1.705,1.705,0.001,0.6,0.6,0.0
12.32,1.706,1.706,0.0,0.6,0.6,0.0
12.34,1.706,1.706,0.0,0.6,0.6,0.0
12.36,1.706,1.706,-0.0,0.6,0.6,0.0
12.38,1.706,1.706,-0.0,0.6,0.6,0.0
12.4,1.706,1.706,-0.0,0.6,0.6,0.0
12.42,1.706,1.706,-0.0,0.6,0.6,0.0
12.44,1.706,1.706,0.0,0.6,0.6,0.0
12.46,1.706,1.706,0.0,0.6,0.6,0.0
12.48,1.706,1.706,0.0,0.6,0.6,0.0
12.5,1.706,1.706,0.0,0.6,0.6,0.0
12.52,1.706,1.706,0.0,0.6,0.6,0.0
12.54,1.706,1.706,0.0,0.6,0.6,0.0
12.56,1.706,1.706,0.0,0.6,0.6,0.0
12.58,1.706,1.706,0.0,0.6,0.6,0.0
12.6,1.706,1.706,0.0,0.6,0.6,0.0
12.62,1.716,1.716,-0.026,0.599,0.6,0.0
12.64,1.722,1.722,-0.041,0.599,0.6,0.0
12.66,1.712,1.712,-0.018,0.599,0.6,0.0
12.68,1.706,1.706,-0.004,0.599,0.6,0.0
12.7,1.704,1.704,0.0,0.599,0.6,0.0
12.72,1.704,1.704,0.001,0.599,0.6,0.0
12.74,1.704,1.704,0.0,0.599,0.6,0.0
12.76,1.705,1.705,0.0,0.599,0.6,0.0
12.78,1.705,1.705,-0.0,0.599,0.6,0.0
12.8,1.705,1.705,-0.0,0.599,0.6,0.0
12.82,1.705,1.705,-0.0,0.599,0.6,0.0
12.84,1.705,1.705,-0.0,0.599,0.6,0.0
12.86,1.705,1.705,0.0,0.599,0.6,0.0
12.88,1.705,1.705,0.0,0.599,0.6,0.0
12.9,1.705,1.705,0.0,0.599,0.6,0.0
12.92,1.715,1.715,-0.026,0.597,0.6,0.0
12.94,1.722,1.722,-0.041,0.597,0.6,0.0
12.96,1.712,1.712,-0.018,0.597,0.6,0.0
12.98,1.706,1.706,-0.004,0.597,0.6,0.0
13.0,1.704,1.704,0.0,0.597,0.6,0.0
13.02,1.704,1.704,0.001,0.597,0.6,0.0
13.04,1.704,1.704,0.0,0.597,0.6,0.0
13.06,1.704,1.704,0.0,0.597,0.6,0.0
13.08,1.704,1.704,-0.0,0.597,0.6,0.0
13.1,1.704,1.704,-0.0,0.597,0.6,0.0
13.12,1.705,1.705,-0.0,0.597,0.6,0.0
13.14,1.705,1.705,-0.0,0.597,0.6,0.0
13.16,1.715,1.715,-0.026,0.595,0.6,0.0
13.18,1.721,1.721,-0.041,0.595,0.6,0.0
13.2,1.712,1.712,-0.018,0.595,0.6,0.0
13.22,1.706,1.706,-0.004,0.595,0.6,0.0
13.24,1.704,1.704,0.0,0.595,0.6,0.0
13.26,1.704,1.704,0.001,0.595,0.6,0.0
13.28,1.704,1.704,0.0,0.595,0.6,0.0
13.3,1.704,1.704,0.0,0.595,0.6,0.0
13.32,1.715,1.715,-0.026,0.593,0.6,0.0
13.34,1.721,1.721,-0.041,0.593,0.6,0.0
13.36,1.712,1.712,-0.018,0.593,0.6,0.0
13.38,1.706,1.706,-0.004,0.593,0.6,0.0
13.4,1.704,1.704,0.0,0.593,0.6,0.0
13.42,1.704,1.704,0.001,0.593,0.6,0.0
13.44,1.704,1.704,0.0,0.593,0.6,0.0
13.46,1.704,1.704,0.0,0.593,0.6,0.0
13.48,1.705,1.705,-0.0,0.593,0.6,0.0
13.5,1.705,1.705,-0.0,0.593,0.6,0.0
13.52,1.705,1.705,-0.0,0.593,0.6,0.0
13.54,1.705,1.705,-0.0,0.593,0.6,0.0
13.56,1.705,1.705,0.0,0.593,0.6,0.0
13.58,1.706,1.706,0.0,0.593,0.6,0.0
13.6,1.706,1.706,0.0,0.593,0.6,0.0
13.62,1.706,1.706,0.0,0.593,0.6,0.0
13.64,1.706,1.706,0.0,0.593,0.6,0.0
13.66,1.706,1.706,0.0,0.593,0.6,0.0
13.68,1.706,1.706,0.0,0.593,0.6,0.0
13.7,1.707,1.707,0.0,0.593,0.6,0.0
13.72,1.707,1.707,0.0,0.593,0.6,0.0
13.74,1.707,1.707,0.0,0.593,0.6,0.0
13.76,1.707,1.707,0.0,0.593,0.6,0.0
13.78,1.707,1.707,0.0,0.593,0.6,0.0
13.8,1.707,1.707,0.0,0.593,0.6,0.0
13.82,1.708,1.708,0.0,0.593,0.6,0.0
13.84,1.708,1.708,0.0,0.593,0.6,0.0
13.86,1.708,1.708,0.0,0.593,0.6,0.0
13.88,1.708,1.708,0.0,0.593,0.6,0.0
13.9,1.708,1.708,0.0,0.593,0.6,0.0
13.92,1.709,1.709,0.0,0.593,0.6,0.0
13.94,1.709,1.709,0.0,0.593,0.6,0.0
13.96,1.709,1.709,0.0,0.593,0.6,0.0
13.98,1.709,1.709,0.0,0.593,0.6,0.0
14.0,1.709,1.709,0.0,0.593,0.6,0.0
14.02,1.73,1.73,-0.053,0.59,0.6,0.0
14.04,1.815,1.815,-0.266,0.578,0.6,0.0
14.06,1.953,1.953,-0.611,0.559,0.6,0.0
14.08,2.0,2.096,-0.977,0.532,0.6,0.0
14.1,2.0,2.169,-1.177,0.51,0.6,0.0
14.12,2.0,2.168,-1.206,0.485,0.6,0.0
14.14,2.0,2.149,-1.193,0.463,0.6,0.0
14.16,2.0,2.1,-1.103,0.443,0.6,0.0
14.18,2.0,2.047,-1.004,0.424,0.6,0.0
14.2,2.0,2.011,-0.937,0.407,0.6,0.0
14.22,1.972,1.972,-0.862,0.391,0.6,0.0
14.24,1.921,1.921,-0.752,0.379,0.6,0.0
14.26,1.864,1.864,-0.625,0.368,0.6,0.0
14.28,1.818,1.818,-0.519,0.36,0.6,0.0
14.3,1.78,1.78,-0.427,0.353,0.6,0.0
14.32,1.734,1.734,-0.314,0.349,0.6,0.0
14.34,1.684,1.684,-0.187,0.347,0.6,0.0
14.36,1.645,1.645,-0.082,0.347,0.6,0.0
14.38,1.613,1.613,0.009,0.349,0.6,0.0
14.4,1.584,1.584,0.096,0.353,0.6,0.0
14.42,1.557,1.557,0.182,0.358,0.6,0.0
14.44,1.53,1.53,0.269,0.365,0.6,0.0
14.46,1.504,1.504,0.356,0.374,0.6,0.0
14.48,1.48,1.48,0.444,0.384,0.6,0.0
14.5,1.466,1.466,0.504,0.394,0.6,0.0
14.52,1.46,1.46,0.551,0.407,0.6,0.0
14.54,1.444,1.444,0.62,0.421,0.6,0.0
14.56,1.434,1.434,0.677,0.435,0.6,0.0
14.58,1.439,1.439,0.698,0.449,0.6,0.0
14.6,1.441,1.441,0.727,0.464,0.6,0.0
14.62,1.438,1.438,0.767,0.48,0.6,0.0
14.64,1.445,1.445,0.784,0.496,0.6,0.0
14.66,1.457,1.457,0.787,0.511,0.6,0.0
14.68,1.471,1.471,0.787,0.527,0.6,0.0
14.7,1.484,1.484,0.786,0.543,0.6,0.0
14.72,1.496,1.496,0.785,0.559,0.6,0.0
14.74,1.508,1.508,0.785,0.574,0.6,0.0
14.76,1.53,1.53,0.759,0.588,0.6,0.0
14.78,1.558,1.558,0.718,0.602,0.6,0.0
14.8,1.576,1.576,0.7,0.616,0.6,0.0
14.82,1.597,1.597,0.67,0.628,0.6,0.0
14.84,1.622,1.622,0.63,0.641,0.6,0.0
14.86,1.648,1.648,0.586,0.651,0.6,0.0
14.88,1.662,1.662,0.569,0.663,0.6,0.0
14.9,1.68,1.68,0.539,0.672,0.6,0.0
14.92,1.713,1.713,0.473,0.681,0.6,0.0
14.94,1.731,1.731,0.441,0.689,0.6,0.0
14.96,1.748,1.748,0.407,0.696,0.6,0.0
14.98,1.768,1.768,0.367,0.703,0.6,0.0
15.0,1.787,1.787,0.324,0.709,0.6,0.0
15.02,1.807,1.807,0.28,0.714,0.6,0.0
15.04,1.815,1.815,0.263,0.719,0.6,0.0
15.06,1.828,1.828,0.233,0.723,0.6,0.0
15.08,1.844,1.844,0.194,0.726,0.6,0.0
15.1,1.861,1.861,0.15,0.728,0.6,0.0
15.12,1.878,1.878,0.106,0.73,0.6,0.0
15.14,1.884,1.884,0.088,0.731,0.6,0.0
15.16,1.883,1.883,0.085,0.733,0.6,0.0
15.18,1.89,1.89,0.06,0.733,0.6,0.0
15.2,1.904,1.904,0.02,0.733,0.6,0.0
15.22,1.908,1.908,0.002,0.733,0.6,0.0
15.24,1.917,1.917,-0.028,0.731,0.6,0.0
15.26,1.919,1.919,-0.042,0.731,0.6,0.0
15.28,1.916,1.916,-0.045,0.73,0.6,0.0
15.3,1.923,1.923,-0.071,0.728,0.6,0.0
15.32,1.924,1.924,-0.085,0.726,0.6,0.0
15.34,1.921,1.921,-0.088,0.724,0.6,0.0
15.36,1.916,1.916,-0.088,0.723,0.6,0.0
15.38,1.912,1.912,-0.088,0.721,0.6,0.0
15.4,1.907,1.907,-0.087,0.719,0.6,0.0
15.42,1.903,1.903,-0.087,0.717,0.6,0.0
15.44,1.909,1.909,-0.114,0.714,0.6,0.0
15.46,1.911,1.911,-0.128,0.712,0.6,0.0
15.48,1.907,1.907,-0.132,0.709,0.6,0.0
15.5,1.903,1.903,-0.132,0.707,0.6,0.0
15.52,1.897,1.897,-0.131,0.703,0.6,0.0
15.54,1.893,1.893,-0.131,0.702,0.6,0.0
15.56,1.888,1.888,-0.131,0.698,0.6,0.0
15.58,1.895,1.895,-0.157,0.695,0.6,0.0
15.6,1.886,1.886,-0.145,0.693,0.6,0.0
15.62,1.876,1.876,-0.135,0.689,0.6,0.0
15.64,1.881,1.881,-0.157,0.686,0.6,0.0
15.66,1.872,1.872,-0.145,0.684,0.6,0.0
15.68,1.863,1.863,-0.134,0.681,0.6,0.0
15.7,1.869,1.869,-0.157,0.677,0.6,0.0
15.72,1.86,1.86,-0.145,0.675,0.6,0.0
15.74,1.851,1.851,-0.134,0.672,0.6,0.0
15.76,1.857,1.857,-0.157,0.668,0.6,0.0
15.78,1.848,1.848,-0.145,0.667,0.6,0.0
15.8,1.839,1.839,-0.134,0.663,0.6,0.0
15.82,1.835,1.835,-0.131,0.661,0.6,0.0
15.84,1.831,1.831,-0.13,0.658,0.6,0.0
15.86,1.838,1.838,-0.157,0.654,0.6,0.0
15.88,1.83,1.83,-0.145,0.653,0.6,0.0
15.9,1.822,1.822,-0.135,0.649,0.6,0.0
15.92,1.818,1.818,-0.131,0.648,0.6,0.0
15.94,1.814,1.814,-0.13,0.644,0.6,0.0
15.96,1.812,1.812,-0.131,0.642,0.6,0.0
15.98,1.798,1.798,-0.104,0.641,0.6,0.0
16.0,1.8,1.8,-0.117,0.637,0.6,0.0
16.02,1.802,1.802,-0.127,0.635,0.6,0.0
16.04,1.79,1.79,-0.104,0.634,0.6,0.0
16.06,1.792,1.792,-0.117,0.63,0.6,0.0
16.08,1.795,1.795,-0.127,0.628,0.6,0.0
16.1,1.783,1.783,-0.105,0.627,0.6,0.0
16.12,1.775,1.775,-0.091,0.625,0.6,0.0
16.14,1.771,1.771,-0.087,0.623,0.6,0.0
16.16,1.769,1.769,-0.086,0.621,0.6,0.0
16.18,1.778,1.778,-0.113,0.618,0.6,0.0
16.2,1.783,1.783,-0.128,0.616,0.6,0.0
16.22,1.761,1.761,-0.079,0.616,0.6,0.0
16.24,1.747,1.747,-0.051,0.614,0.6,0.0
16.26,1.753,1.753,-0.069,0.613,0.6,0.0
16.28,1.758,1.758,-0.083,0.611,0.6,0.0
16.3,1.758,1.758,-0.087,0.609,0.6,0.0
16.32,1.757,1.757,-0.088,0.607,0.6,0.0
16.34,1.755,1.755,-0.088,0.606,0.6,0.0
16.36,1.744,1.744,-0.061,0.606,0.6,0.0
16.38,1.736,1.736,-0.047,0.604,0.6,0.0
16.4,1.745,1.745,-0.069,0.602,0.6,0.0
16.42,1.739,1.739,-0.057,0.602,0.6,0.0
16.44,1.734,1.734,-0.047,0.6,0.6,0.0
16.46,1.742,1.742,-0.07,0.599,0.6,0.0
16.48,1.737,1.737,-0.057,0.599,0.6,0.0
16.5,1.731,1.731,-0.047,0.597,0.6,0.0
16.52,1.74,1.74,-0.07,0.595,0.6,0.0
16.54,1.735,1.735,-0.057,0.595,0.6,0.0
16.56,1.729,1.729,-0.047,0.593,0.6,0.0
16.58,1.738,1.738,-0.07,0.592,0.6,0.0
16.6,1.733,1.733,-0.057,0.592,0.6,0.0
16.62,1.727,1.727,-0.047,0.59,0.6,0.0
16.64,1.736,1.736,-0.07,0.588,0.6,0.0
16.66,1.742,1.742,-0.084,0.586,0.6,0.0
16.68,1.742,1.742,-0.088,0.585,0.6,0.0
16.7,1.731,1.731,-0.062,0.585,0.6,0.0
16.72,1.724,1.724,-0.047,0.583,0.6,0.0
16.74,1.733,1.733,-0.069,0.581,0.6,0.0
16.76,1.739,1.739,-0.083,0.579,0.6,0.0
16.78,1.74,1.74,-0.088,0.578,0.6,0.0
16.8,1.729,1.729,-0.062,0.578,0.6,0.0
16.82,1.722,1.722,-0.047,0.576,0.6,0.0
16.84,1.731,1.731,-0.069,0.574,0.6,0.0
16.86,1.727,1.727,-0.057,0.574,0.6,0.0
16.88,1.722,1.722,-0.047,0.572,0.6,0.0
16.9,1.721,1.721,-0.044,0.572,0.6,0.0
16.92,1.72,1.72,-0.043,0.571,0.6,0.0
16.94,1.721,1.721,-0.043,0.571,0.6,0.0
16.96,1.71,1.71,-0.017,0.571,0.6,0.0
16.98,1.705,1.705,-0.003,0.571,0.6,0.0
17.0,1.714,1.714,-0.026,0.569,0.6,0.0
17.02,1.721,1.721,-0.04,0.569,0.6,0.0
17.04,1.702,1.702,0.009,0.571,0.6,0.0
17.06,1.691,1.691,0.037,0.571,0.6,0.0
17.08,1.7,1.7,0.019,0.571,0.6,0.0
17.1,1.706,1.706,0.005,0.571,0.6,0.0
17.12,1.699,1.699,0.026,0.572,0.6,0.0
17.14,1.694,1.694,0.04,0.572,0.6,0.0
17.16,1.694,1.694,0.044,0.574,0.6,0.0
17.18,1.694,1.694,0.044,0.574,0.6,0.0
17.2,1.696,1.696,0.044,0.576,0.6,0.0
17.22,1.687,1.687,0.07,0.578,0.6,0.0
17.24,1.683,1.683,0.084,0.579,0.6,0.0
17.26,1.693,1.693,0.062,0.579,0.6,0.0
17.28,1.701,1.701,0.048,0.581,0.6,0.0
17.3,1.693,1.693,0.07,0.583,0.6,0.0
17.32,1.689,1.689,0.083,0.585,0.6,0.0
17.34,1.699,1.699,0.061,0.585,0.6,0.0
17.36,1.706,1.706,0.047,0.586,0.6,0.0
17.38,1.698,1.698,0.07,0.588,0.6,0.0
17.4,1.694,1.694,0.083,0.59,0.6,0.0
17.42,1.693,1.693,0.088,0.592,0.6,0.0
17.44,1.705,1.705,0.062,0.592,0.6,0.0
17.46,1.713,1.713,0.047,0.593,0.6,0.0
17.48,1.704,1.704,0.069,0.595,0.6,0.0
17.5,1.71,1.71,0.057,0.595,0.6,0.0
17.52,1.716,1.716,0.047,0.597,0.6,0.0
17.54,1.707,1.707,0.07,0.599,0.6,0.0
17.56,1.712,1.712,0.057,0.599,0.6,0.0
17.58,1.718,1.718,0.047,0.6,0.6,0.0
17.6,1.709,1.709,0.07,0.602,0.6,0.0
17.62,1.715,1.715,0.057,0.602,0.6,0.0
17.64,1.72,1.72,0.047,0.604,0.6,0.0
17.66,1.722,1.722,0.044,0.604,0.6,0.0
17.68,1.734,1.734,0.017,0.604,0.6,0.0
17.7,1.729,1.729,0.029,0.606,0.6,0.0
17.72,1.724,1.724,0.04,0.606,0.6,0.0
17.74,1.724,1.724,0.044,0.607,0.6,0.0
17.76,1.723,1.723,0.044,0.607,0.6,0.0
17.78,1.735,1.735,0.018,0.607,0.6,0.0
17.8,1.731,1.731,0.03,0.609,0.6,0.0
17.82,1.726,1.726,0.04,0.609,0.6,0.0
17.84,1.736,1.736,0.017,0.609,0.6,0.0
17.86,1.741,1.741,0.004,0.609,0.6,0.0
17.88,1.743,1.743,-0.001,0.609,0.6,0.0
17.9,1.732,1.732,0.026,0.611,0.6,0.0
17.92,1.726,1.726,0.04,0.611,0.6,0.0
17.94,1.735,1.735,0.018,0.611,0.6,0.0
17.96,1.741,1.741,0.004,0.611,0.6,0.0
17.98,1.743,1.743,-0.0,0.611,0.6,0.0
18.0,1.742,1.742,-0.001,0.611,0.6,0.0
18.02,1.742,1.742,-0.0,0.611,0.6,0.0
18.04,1.742,1.742,-0.0,0.611,0.6,0.0
18.06,1.752,1.752,-0.026,0.609,0.6,0.0
18.08,1.757,1.757,-0.041,0.609,0.6,0.0
18.1,1.747,1.747,-0.018,0.609,0.6,0.0
18.12,1.741,1.741,-0.004,0.609,0.6,0.0
18.14,1.739,1.739,0.0,0.609,0.6,0.0
18.16,1.738,1.738,0.001,0.609,0.6,0.0
18.18,1.749,1.749,-0.026,0.607,0.6,0.0
18.2,1.755,1.755,-0.041,0.607,0.6,0.0
18.22,1.745,1.745,-0.018,0.607,0.6,0.0
18.24,1.738,1.738,-0.004,0.607,0.6,0.0
18.26,1.736,1.736,0.0,0.607,0.6,0.0
18.28,1.746,1.746,-0.026,0.606,0.6,0.0
18.3,1.753,1.753,-0.04,0.606,0.6,0.0
18.32,1.743,1.743,-0.018,0.606,0.6,0.0
18.34,1.736,1.736,-0.004,0.606,0.6,0.0
18.36,1.734,1.734,0.0,0.606,0.6,0.0
18.38,1.734,1.734,0.001,0.606,0.6,0.0
18.4,1.734,1.734,0.0,0.606,0.6,0.0
18.42,1.734,1.734,0.0,0.606,0.6,0.0
18.44,1.734,1.734,-0.0,0.606,0.6,0.0
18.46,1.734,1.734,-0.0,0.606,0.6,0.0
18.48,1.734,1.734,-0.0,0.606,0.6,0.0
18.5,1.733,1.733,-0.0,0.606,0.6,0.0
18.52,1.733,1.733,0.0,0.606,0.6,0.0
18.54,1.733,1.733,0.0,0.606,0.6,0.0
18.56,1.733,1.733,0.0,0.606,0.6,0.0
18.58,1.733,1.733,0.0,0.606,0.6,0.0
18.6,1.722,1.722,0.026,0.607,0.6,0.0
18.62,1.716,1.716,0.041,0.607,0.6,0.0
18.64,1.726,1.726,0.018,0.607,0.6,0.0
18.66,1.732,1.732,0.004,0.607,0.6,0.0
18.68,1.733,1.733,-0.0,0.607,0.6,0.0
18.7,1.723,1.723,0.026,0.609,0.6,0.0
18.72,1.716,1.716,0.04,0.609,0.6,0.0
18.74,1.726,1.726,0.018,0.609,0.6,0.0
18.76,1.732,1.732,0.004,0.609,0.6,0.0
18.78,1.733,1.733,-0.0,0.609,0.6,0.0
18.8,1.723,1.723,0.026,0.611,0.6,0.0
18.82,1.716,1.716,0.04,0.611,0.6,0.0
18.84,1.726,1.726,0.018,0.611,0.6,0.0
18.86,1.732,1.732,0.004,0.611,0.6,0.0
18.88,1.733,1.733,-0.0,0.611,0.6,0.0
18.9,1.733,1.733,-0.001,0.611,0.6,0.0
18.92,1.733,1.733,-0.0,0.611,0.6,0.0
18.94,1.722,1.722,0.026,0.613,0.6,0.0
18.96,1.715,1.715,0.041,0.613,0.6,0.0
18.98,1.725,1.725,0.018,0.613,0.6,0.0
19.0,1.731,1.731,0.004,0.613,0.6,0.0
19.02,1.732,1.732,-0.0,0.613,0.6,0.0
19.04,1.732,1.732,-0.001,0.613,0.6,0.0
19.06,1.732,1.732,-0.0,0.613,0.6,0.0
19.08,1.731,1.731,-0.0,0.613,0.6,0.0
19.1,1.731,1.731,0.0,0.613,0.6,0.0
19.12,1.73,1.73,0.0,0.613,0.6,0.0
19.14,1.73,1.73,0.0,0.613,0.6,0.0
19.16,1.73,1.73,0.0,0.613,0.6,0.0
19.18,1.729,1.729,0.0,0.613,0.6,0.0
19.2,1.729,1.729,0.0,0.613,0.6,0.0
19.22,1.729,1.729,0.0,0.613,0.6,0.0
19.24,1.728,1.728,0.0,0.613,0.6,0.0
19.26,1.728,1.728,0.0,0.613,0.6,0.0
19.28,1.738,1.738,-0.026,0.611,0.6,0.0
19.3,1.744,1.744,-0.041,0.611,0.6,0.0
19.32,1.734,1.734,-0.018,0.611,0.6,0.0
19.34,1.727,1.727,-0.004,0.611,0.6,0.0
19.36,1.725,1.725,0.0,0.611,0.6,0.0
19.38,1.735,1.735,-0.026,0.609,0.6,0.0
19.4,1.741,1.741,-0.04,0.609,0.6,0.0
19.42,1.731,1.731,-0.018,0.609,0.6,0.0
19.44,1.725,1.725,-0.004,0.609,0.6,0.0
19.46,1.733,1.733,-0.026,0.607,0.6,0.0
19.48,1.739,1.739,-0.04,0.607,0.6,0.0
19.5,1.729,1.729,-0.018,0.607,0.6,0.0
19.52,1.723,1.723,-0.004,0.607,0.6,0.0
19.54,1.721,1.721,0.0,0.607,0.6,0.0
19.56,1.731,1.731,-0.026,0.606,0.6,0.0
19.58,1.737,1.737,-0.04,0.606,0.6,0.0
19.6,1.727,1.727,-0.018,0.606,0.6,0.0
19.62,1.721,1.721,-0.004,0.606,0.6,0.0
19.64,1.719,1.719,0.0,0.606,0.6,0.0
19.66,1.729,1.729,-0.026,0.604,0.6,0.0
19.68,1.735,1.735,-0.04,0.604,0.6,0.0
19.7,1.725,1.725,-0.018,0.604,0.6,0.0
19.72,1.719,1.719,-0.004,0.604,0.6,0.0
19.74,1.717,1.717,0.0,0.604,0.6,0.0
19.76,1.717,1.717,0.001,0.604,0.6,0.0
19.78,1.727,1.727,-0.026,0.602,0.6,0.0
19.8,1.733,1.733,-0.041,0.602,0.6,0.0
19.82,1.723,1.723,-0.018,0.602,0.6,0.0
19.84,1.717,1.717,-0.004,0.602,0.6,0.0
19.86,1.715,1.715,0.0,0.602,0.6,0.0
19.88,1.715,1.715,0.001,0.602,0.6,0.0
19.9,1.715,1.715,0.0,0.602,0.6,0.0
19.92,1.715,1.715,0.0,0.602,0.6,0.0
19.94,1.705,1.705,0.026,0.604,0.6,0.0
19.96,1.699,1.699,0.041,0.604,0.6,0.0
19.98,1.708,1.708,0.018,0.604,0.6,0.0
20.0,1.714,1.714,0.004,0.604,0.6,0.0
20.02,1.716,1.716,-0.0,0.604,0.6,0.0
20.04,1.706,1.706,0.026,0.606,0.6,0.0
20.06,1.699,1.699,0.04,0.606,0.6,0.0
20.08,1.709,1.709,0.018,0.606,0.6,0.0
20.1,1.715,1.715,0.004,0.606,0.6,0.0
20.12,1.706,1.706,0.026,0.607,0.6,0.0
20.14,1.7,1.7,0.04,0.607,0.6,0.0
20.16,1.71,1.71,0.018,0.607,0.6,0.0
20.18,1.715,1.715,0.004,0.607,0.6,0.0
20.2,1.707,1.707,0.026,0.609,0.6,0.0
20.22,1.7,1.7,0.04,0.609,0.6,0.0
20.24,1.71,1.71,0.018,0.609,0.6,0.0
20.26,1.716,1.716,0.004,0.609,0.6,0.0
20.28,1.717,1.717,-0.0,0.609,0.6,0.0
20.3,1.717,1.717,-0.001,0.609,0.6,0.0
20.32,1.706,1.706,0.026,0.611,0.6,0.0
20.34,1.7,1.7,0.041,0.611,0.6,0.0
20.36,1.709,1.709,0.018,0.611,0.6,0.0
20.38,1.715,1.715,0.004,0.611,0.6,0.0
20.4,1.717,1.717,-0.0,0.611,0.6,0.0
20.42,1.717,1.717,-0.001,0.611,0.6,0.0
20.44,1.716,1.716,-0.0,0.611,0.6,0.0
20.46,1.716,1.716,-0.0,0.611,0.6,0.0
20.48,1.716,1.716,0.0,0.611,0.6,0.0
20.5,1.715,1.715,0.0,0.611,0.6,0.0
20.52,1.715,1.715,0.0,0.611,0.6,0.0
20.54,1.715,1.715,0.0,0.611,0.6,0.0
20.56,1.714,1.714,0.0,0.611,0.6,0.0
20.58,1.714,1.714,0.0,0.611,0.6,0.0
20.6,1.714,1.714,0.0,0.611,0.6,0.0
20.62,1.714,1.714,0.0,0.611,0.6,0.0
20.64,1.713,1.713,0.0,0.611,0.6,0.0
20.66,1.713,1.713,0.0,0.611,0.6,0.0
20.68,1.713,1.713,0.0,0.611,0.6,0.0
20.7,1.712,1.712,0.0,0.611,0.6,0.0
20.72,1.712,1.712,0.0,0.611,0.6,0.0
20.74,1.712,1.712,0.0,0.611,0.6,0.0
20.76,1.712,1.712,0.0,0.611,0.6,0.0
20.78,1.711,1.711,0.0,0.611,0.6,0.0
20.8,1.711,1.711,0.0,0.611,0.6,0.0
20.82,1.711,1.711,0.0,0.611,0.6,0.0
20.84,1.71,1.71,0.0,0.611,0.6,0.0
20.86,1.71,1.71,0.0,0.611,0.6,0.0
20.88,1.71,1.71,0.0,0.611,0.6,0.0
20.9,1.709,1.709,0.0,0.611,0.6,0.0
20.92,1.709,1.709,0.0,0.611,0.6,0.0
20.94,1.719,1.719,-0.026,0.609,0.6,0.0
20.96,1.725,1.725,-0.041,0.609,0.6,0.0
20.98,1.715,1.715,-0.018,0.609,0.6,0.0
21.0,1.719,1.719,-0.03,0.607,0.6,0.0
21.02,1.723,1.723,-0.04,0.607,0.6,0.0
21.04,1.713,1.713,-0.017,0.607,0.6,0.0
21.06,1.717,1.717,-0.03,0.606,0.6,0.0
21.08,1.721,1.721,-0.04,0.606,0.6,0.0
21.1,1.711,1.711,-0.017,0.606,0.6,0.0
21.12,1.715,1.715,-0.03,0.604,0.6,0.0
21.14,1.72,1.72,-0.04,0.604,0.6,0.0
21.16,1.72,1.72,-0.044,0.602,0.6,0.0
21.18,1.72,1.72,-0.044,0.602,0.6,0.0
21.2,1.708,1.708,-0.018,0.602,0.6,0.0
21.22,1.702,1.702,-0.003,0.602,0.6,0.0
21.24,1.711,1.711,-0.026,0.6,0.6,0.0
21.26,1.717,1.717,-0.04,0.6,0.6,0.0
21.28,1.707,1.707,-0.018,0.6,0.6,0.0
21.3,1.701,1.701,-0.004,0.6,0.6,0.0
21.32,1.699,1.699,0.0,0.6,0.6,0.0
21.34,1.699,1.699,0.001,0.6,0.6,0.0
21.36,1.71,1.71,-0.026,0.599,0.6,0.0
21.38,1.716,1.716,-0.041,0.599,0.6,0.0
21.4,1.706,1.706,-0.018,0.599,0.6,0.0
21.42,1.7,1.7,-0.004,0.599,0.6,0.0
21.44,1.698,1.698,0.0,0.599,0.6,0.0
21.46,1.698,1.698,0.001,0.599,0.6,0.0
21.48,1.698,1.698,0.0,0.599,0.6,0.0
21.5,1.698,1.698,0.0,0.599,0.6,0.0
21.52,1.698,1.698,-0.0,0.599,0.6,0.0
21.54,1.698,1.698,-0.0,0.599,0.6,0.0
21.56,1.699,1.699,-0.0,0.599,0.6,0.0
21.58,1.699,1.699,-0.0,0.599,0.6,0.0
21.6,1.699,1.699,0.0,0.599,0.6,0.0
21.62,1.699,1.699,0.0,0.599,0.6,0.0
21.64,1.699,1.699,0.0,0.599,0.6,0.0
21.66,1.699,1.699,0.0,0.599,0.6,0.0
21.68,1.699,1.699,0.0,0.599,0.6,0.0
21.7,1.699,1.699,0.0,0.599,0.6,0.0
21.72,1.699,1.699,0.0,0.599,0.6,0.0
21.74,1.709,1.709,-0.026,0.597,0.6,0.0
21.76,1.715,1.715,-0.041,0.597,0.6,0.0
21.78,1.706,1.706,-0.018,0.597,0.6,0.0
21.8,1.7,1.7,-0.004,0.597,0.6,0.0
21.82,1.698,1.698,0.0,0.597,0.6,0.0
21.84,1.698,1.698,0.001,0.597,0.6,0.0
21.86,1.698,1.698,0.0,0.597,0.6,0.0
21.88,1.698,1.698,0.0,0.597,0.6,0.0
21.9,1.698,1.698,-0.0,0.597,0.6,0.0
21.92,1.698,1.698,-0.0,0.597,0.6,0.0
21.94,1.698,1.698,-0.0,0.597,0.6,0.0
21.96,1.699,1.699,-0.0,0.597,0.6,0.0
21.98,1.699,1.699,0.0,0.597,0.6,0.0
22.0,1.688,1.688,0.026,0.599,0.6,0.0
22.02,1.682,1.682,0.041,0.599,0.6,0.0
22.04,1.692,1.692,0.018,0.599,0.6,0.0
22.06,1.698,1.698,0.004,0.599,0.6,0.0
22.08,1.7,1.7,-0.0,0.599,0.6,0.0
22.1,1.7,1.7,-0.001,0.599,0.6,0.0
22.12,1.7,1.7,-0.0,0.599,0.6,0.0
22.14,1.7,1.7,-0.0,0.599,0.6,0.0
22.16,1.7,1.7,0.0,0.599,0.6,0.0
22.18,1.7,1.7,0.0,0.599,0.6,0.0
22.2,1.7,1.7,0.0,0.599,0.6,0.0
22.22,1.7,1.7,0.0,0.599,0.6,0.0
22.24,1.7,1.7,0.0,0.599,0.6,0.0
22.26,1.7,1.7,0.0,0.599,0.6,0.0
22.28,1.7,1.7,0.0,0.599,0.6,0.0
22.3,1.7,1.7,0.0,0.599,0.6,0.0
22.32,1.7,1.7,0.0,0.599,0.6,0.0
22.34,1.701,1.701,0.0,0.599,0.6,0.0
22.36,1.701,1.701,0.0,0.599,0.6,0.0
22.38,1.701,1.701,0.0,0.599,0.6,0.0
22.4,1.701,1.701,0.0,0.599,0.6,0.0
22.42,1.701,1.701,0.0,0.599,0.6,0.0
22.44,1.701,1.701,0.0,0.599,0.6,0.0
22.46,1.701,1.701,0.0,0.599,0.6,0.0
22.48,1.701,1.701,0.0,0.599,0.6,0.0
22.5,1.701,1.701,0.0,0.599,0.6,0.0
22.52,1.701,1.701,0.0,0.599,0.6,0.0
22.54,1.701,1.701,0.0,0.599,0.6,0.0
22.56,1.701,1.701,0.0,0.599,0.6,0.0
22.58,1.701,1.701,0.0,0.599,0.6,0.0
22.6,1.701,1.701,0.0,0.599,0.6,0.0
22.62,1.701,1.701,0.0,0.599,0.6,0.0
22.64,1.711,1.711,-0.026,0.597,0.6,0.0
22.66,1.718,1.718,-0.041,0.597,0.6,0.0
22.68,1.708,1.708,-0.018,0.597,0.6,0.0
22.7,1.702,1.702,-0.004,0.597,0.6,0.0
22.72,1.7,1.7,0.0,0.597,0.6,0.0
22.74,1.7,1.7,0.001,0.597,0.6,0.0
22.76,1.7,1.7,0.0,0.597,0.6,0.0
22.78,1.7,1.7,0.0,0.597,0.6,0.0
22.8,1.701,1.701,-0.0,0.597,0.6,0.0
22.82,1.701,1.701,-0.0,0.597,0.6,0.0
22.84,1.701,1.701,-0.0,0.597,0.6,0.0
22.86,1.701,1.701,-0.0,0.597,0.6,0.0
22.88,1.701,1.701,0.0,0.597,0.6,0.0
22.9,1.701,1.701,0.0,0.597,0.6,0.0
22.92,1.701,1.701,0.0,0.597,0.6,0.0
22.94,1.701,1.701,0.0,0.597,0.6,0.0
22.96,1.701,1.701,0.0,0.597,0.6,0.0
22.98,1.701,1.701,0.0,0.597,0.6,0.0
23.0,1.701,1.701,0.0,0.597,0.6,0.0
23.02,1.701,1.701,0.0,0.597,0.6,0.0
23.04,1.701,1.701,0.0,0.597,0.6,0.0
23.06,1.702,1.702,0.0,0.597,0.6,0.0
23.08,1.702,1.702,0.0,0.597,0.6,0.0
23.1,1.702,1.702,0.0,0.597,0.6,0.0
23.12,1.702,1.702,0.0,0.597,0.6,0.0
23.14,1.712,1.712,-0.026,0.595,0.6,0.0
23.16,1.719,1.719,-0.041,0.595,0.6,0.0
23.18,1.709,1.709,-0.018,0.595,0.6,0.0
23.2,1.703,1.703,-0.004,0.595,0.6,0.0
23.22,1.701,1.701,0.0,0.595,0.6,0.0
23.24,1.701,1.701,0.001,0.595,0.6,0.0
23.26,1.701,1.701,0.0,0.595,0.6,0.0
23.28,1.702,1.702,0.0,0.595,0.6,0.0
23.3,1.702,1.702,-0.0,0.595,0.6,0.0
23.32,1.702,1.702,-0.0,0.595,0.6,0.0
23.34,1.702,1.702,-0.0,0.595,0.6,0.0
23.36,1.702,1.702,-0.0,0.595,0.6,0.0
23.38,1.702,1.702,0.0,0.595,0.6,0.0
23.4,1.702,1.702,0.0,0.595,0.6,0.0
23.42,1.702,1.702,0.0,0.595,0.6,0.0
23.44,1.703,1.703,0.0,0.595,0.6,0.0
23.46,1.703,1.703,0.0,0.595,0.6,0.0
23.48,1.703,1.703,0.0,0.595,0.6,0.0
23.5,1.703,1.703,0.0,0.595,0.6,0.0
23.52,1.703,1.703,0.0,0.595,0.6,0.0
23.54,1.714,1.714,-0.026,0.593,0.6,0.0
23.56,1.72,1.72,-0.041,0.593,0.6,0.0
23.58,1.71,1.71,-0.018,0.593,0.6,0.0
23.6,1.704,1.704,-0.004,0.593,0.6,0.0
23.62,1.703,1.703,0.0,0.593,0.6,0.0
23.64,1.703,1.703,0.001,0.593,0.6,0.0
23.66,1.693,1.693,0.027,0.595,0.6,0.0
23.68,1.687,1.687,0.041,0.595,0.6,0.0
23.7,1.697,1.697,0.018,0.595,0.6,0.0
23.72,1.703,1.703,0.004,0.595,0.6,0.0
23.74,1.705,1.705,-0.0,0.595,0.6,0.0
23.76,1.705,1.705,-0.001,0.595,0.6,0.0
23.78,1.705,1.705,-0.0,0.595,0.6,0.0
23.8,1.705,1.705,-0.0,0.595,0.6,0.0
23.82,1.705,1.705,0.0,0.595,0.6,0.0
23.84,1.705,1.705,0.0,0.595,0.6,0.0
23.86,1.695,1.695,0.026,0.597,0.6,0.0
23.88,1.689,1.689,0.041,0.597,0.6,0.0
23.9,1.699,1.699,0.018,0.597,0.6,0.0
23.92,1.705,1.705,0.004,0.597,0.6,0.0
23.94,1.707,1.707,-0.0,0.597,0.6,0.0
23.96,1.708,1.708,-0.001,0.597,0.6,0.0
23.98,1.697,1.697,0.026,0.599,0.6,0.0
24.0,1.691,1.691,0.041,0.599,0.6,0.0
24.02,1.701,1.701,0.018,0.599,0.6,0.0
24.04,1.707,1.707,0.004,0.599,0.6,0.0
24.06,1.709,1.709,-0.0,0.599,0.6,0.0
24.08,1.709,1.709,-0.001,0.599,0.6,0.0
24.1,1.709,1.709,-0.0,0.599,0.6,0.0
24.12,1.709,1.709,-0.0,0.599,0.6,0.0
24.14,1.709,1.709,0.0,0.599,0.6,0.0
24.16,1.709,1.709,0.0,0.599,0.6,0.0
24.18,1.709,1.709,0.0,0.599,0.6,0.0
24.2,1.709,1.709,0.0,0.599,0.6,0.0
24.22,1.709,1.709,0.0,0.599,0.6,0.0
24.24,1.709,1.709,0.0,0.599,0.6,0.0
24.26,1.709,1.709,0.0,0.599,0.6,0.0
24.28,1.709,1.709,0.0,0.599,0.6,0.0
24.3,1.709,1.709,0.0,0.599,0.6,0.0
24.32,1.709,1.709,0.0,0.599,0.6,0.0
24.34,1.709,1.709,0.0,0.599,0.6,0.0
24.36,1.709,1.709,0.0,0.599,0.6,0.0
24.38,1.709,1.709,0.0,0.599,0.6,0.0
24.4,1.72,1.72,-0.026,0.597,0.6,0.0
24.42,1.726,1.726,-0.041,0.597,0.6,0.0
24.44,1.716,1.716,-0.018,0.597,0.6,0.0
24.46,1.71,1.71,-0.004,0.597,0.6,0.0
24.48,1.708,1.708,0.0,0.597,0.6,0.0
24.5,1.708,1.708,0.001,0.597,0.6,0.0
24.52,1.708,1.708,0.0,0.597,0.6,0.0
24.54,1.719,1.719,-0.026,0.595,0.6,0.0
24.56,1.725,1.725,-0.041,0.595,0.6,0.0
24.58,1.716,1.716,-0.018,0.595,0.6,0.0
24.6,1.71,1.71,-0.004,0.595,0.6,0.0
24.62,1.708,1.708,0.0,0.595,0.6,0.0
24.64,1.708,1.708,0.001,0.595,0.6,0.0
24.66,1.708,1.708,0.0,0.595,0.6,0.0
24.68,1.708,1.708,0.0,0.595,0.6,0.0
24.7,1.708,1.708,-0.0,0.595,0.6,0.0
24.72,1.698,1.698,0.026,0.597,0.6,0.0
24.74,1.692,1.692,0.041,0.597,0.6,0.0
24.76,1.702,1.702,0.018,0.597,0.6,0.0
24.78,1.708,1.708,0.004,0.597,0.6,0.0
24.8,1.71,1.71,-0.0,0.597,0.6,0.0
24.82,1.711,1.711,-0.001,0.597,0.6,0.0
24.84,1.71,1.71,-0.0,0.597,0.6,0.0
24.86,1.71,1.71,-0.0,0.597,0.6,0.0
24.88,1.71,1.71,0.0,0.597,0.6,0.0
24.9,1.711,1.711,0.0,0.597,0.6,0.0
24.92,1.711,1.711,0.0,0.597,0.6,0.0
24.94,1.711,1.711,0.0,0.597,0.6,0.0
24.96,1.711,1.711,0.0,0.597,0.6,0.0
24.98,1.711,1.711,0.0,0.597,0.6,0.0
25.0,1.711,1.711,0.0,0.597,0.6,0.0
25.02,1.711,1.711,0.0,0.597,0.6,0.0
25.04,1.711,1.711,0.0,0.597,0.6,0.0
25.06,1.711,1.711,0.0,0.597,0.6,0.0
25.08,1.711,1.711,0.0,0.597,0.6,0.0
25.1,1.722,1.722,-0.026,0.595,0.6,0.0
25.12,1.728,1.728,-0.041,0.595,0.6,0.0
25.14,1.718,1.718,-0.018,0.595,0.6,0.0
25.16,1.712,1.712,-0.004,0.595,0.6,0.0
25.18,1.71,1.71,0.0,0.595,0.6,0.0
25.2,1.71,1.71,0.001,0.595,0.6,0.0
25.22,1.711,1.711,0.0,0.595,0.6,0.0
25.24,1.711,1.711,0.0,0.595,0.6,0.0
25.26,1.711,1.711,-0.0,0.595,0.6,0.0
25.28,1.722,1.722,-0.026,0.593,0.6,0.0
25.3,1.728,1.728,-0.041,0.593,0.6,0.0
25.32,1.718,1.718,-0.018,0.593,0.6,0.0
25.34,1.712,1.712,-0.004,0.593,0.6,0.0
25.36,1.711,1.711,0.0,0.593,0.6,0.0
25.38,1.711,1.711,0.001,0.593,0.6,0.0
25.4,1.711,1.711,0.0,0.593,0.6,0.0
25.42,1.711,1.711,0.0,0.593,0.6,0.0
25.44,1.712,1.712,-0.0,0.593,0.6,0.0
25.46,1.712,1.712,-0.0,0.593,0.6,0.0
25.48,1.712,1.712,-0.0,0.593,0.6,0.0
25.5,1.712,1.712,-0.0,0.593,0.6,0.0
25.52,1.712,1.712,0.0,0.593,0.6,0.0
25.54,1.702,1.702,0.026,0.595,0.6,0.0
25.56,1.696,1.696,0.041,0.595,0.6,0.0
25.58,1.706,1.706,0.018,0.595,0.6,0.0
25.6,1.712,1.712,0.004,0.595,0.6,0.0
25.62,1.714,1.714,-0.0,0.595,0.6,0.0
25.64,1.715,1.715,-0.001,0.595,0.6,0.0
25.66,1.704,1.704,0.026,0.597,0.6,0.0
25.68,1.698,1.698,0.041,0.597,0.6,0.0
25.7,1.708,1.708,0.018,0.597,0.6,0.0
25.72,1.714,1.714,0.004,0.597,0.6,0.0
25.74,1.706,1.706,0.026,0.599,0.6,0.0
25.76,1.7,1.7,0.04,0.599,0.6,0.0
25.78,1.709,1.709,0.018,0.599,0.6,0.0
25.8,1.716,1.716,0.004,0.599,0.6,0.0
25.82,1.707,1.707,0.026,0.6,0.6,0.0
25.84,1.701,1.701,0.04,0.6,0.6,0.0
25.86,1.711,1.711,0.018,0.6,0.6,0.0
25.88,1.717,1.717,0.004,0.6,0.6,0.0
25.9,1.708,1.708,0.026,0.602,0.6,0.0
25.92,1.702,1.702,0.04,0.602,0.6,0.0
25.94,1.712,1.712,0.018,0.602,0.6,0.0
25.96,1.718,1.718,0.004,0.602,0.6,0.0
25.98,1.709,1.709,0.026,0.604,0.6,0.0
26.0,1.703,1.703,0.04,0.604,0.6,0.0
26.02,1.713,1.713,0.018,0.604,0.6,0.0
26.04,1.719,1.719,0.004,0.604,0.6,0.0
26.06,1.72,1.72,-0.0,0.604,0.6,0.0
26.08,1.72,1.72,-0.001,0.604,0.6,0.0
26.1,1.72,1.72,-0.0,0.604,0.6,0.0
26.12,1.72,1.72,-0.0,0.604,0.6,0.0
26.14,1.72,1.72,0.0,0.604,0.6,0.0
26.16,1.709,1.709,0.026,0.606,0.6,0.0
26.18,1.703,1.703,0.041,0.606,0.6,0.0
26.2,1.713,1.713,0.018,0.606,0.6,0.0
26.22,1.719,1.719,0.004,0.606,0.6,0.0
26.24,1.721,1.721,-0.0,0.606,0.6,0.0
26.26,1.721,1.721,-0.001,0.606,0.6,0.0
26.28,1.72,1.72,-0.0,0.606,0.6,0.0
26.3,1.72,1.72,-0.0,0.606,0.6,0.0
26.32,1.72,1.72,0.0,0.606,0.6,0.0
26.34,1.72,1.72,0.0,0.606,0.6,0.0
26.36,1.719,1.719,0.0,0.606,0.6,0.0
26.38,1.719,1.719,0.0,0.606,0.6,0.0
26.4,1.719,1.719,0.0,0.606,0.6,0.0
26.42,1.719,1.719,0.0,0.606,0.6,0.0
26.44,1.719,1.719,0.0,0.606,0.6,0.0
26.46,1.719,1.719,0.0,0.606,0.6,0.0
26.48,1.719,1.719,0.0,0.606,0.6,0.0
26.5,1.718,1.718,0.0,0.606,0.6,0.0
26.52,1.718,1.718,0.0,0.606,0.6,0.0
26.54,1.718,1.718,0.0,0.606,0.6,0.0
26.56,1.718,1.718,0.0,0.606,0.6,0.0
26.58,1.718,1.718,0.0,0.606,0.6,0.0
26.6,1.718,1.718,0.0,0.606,0.6,0.0
26.62,1.717,1.717,0.0,0.606,0.6,0.0
26.64,1.717,1.717,0.0,0.606,0.6,0.0
26.66,1.717,1.717,0.0,0.606,0.6,0.0
26.68,1.717,1.717,0.0,0.606,0.6,0.0
26.7,1.717,1.717,0.0,0.606,0.6,0.0
26.72,1.717,1.717,0.0,0.606,0.6,0.0
26.74,1.717,1.717,0.0,0.606,0.6,0.0
26.76,1.706,1.706,0.026,0.607,0.6,0.0
26.78,1.7,1.7,0.041,0.607,0.6,0.0
26.8,1.709,1.709,0.018,0.607,0.6,0.0
26.82,1.715,1.715,0.004,0.607,0.6,0.0
26.84,1.727,1.727,-0.027,0.606,0.6,0.0
26.86,1.734,1.734,-0.041,0.606,0.6,0.0
26.88,1.723,1.723,-0.018,0.606,0.6,0.0
26.9,1.717,1.717,-0.004,0.606,0.6,0.0
26.92,1.715,1.715,0.0,0.606,0.6,0.0
26.94,1.715,1.715,0.001,0.606,0.6,0.0
26.96,1.715,1.715,0.0,0.606,0.6,0.0
26.98,1.715,1.715,0.0,0.606,0.6,0.0
27.0,1.714,1.714,-0.0,0.606,0.6,0.0
27.02,1.714,1.714,-0.0,0.606,0.6,0.0
27.04,1.714,1.714,-0.0,0.606,0.6,0.0
27.06,1.714,1.714,-0.0,0.606,0.6,0.0
27.08,1.714,1.714,0.0,0.606,0.6,0.0
27.1,1.724,1.724,-0.026,0.604,0.6,0.0
27.12,1.73,1.73,-0.041,0.604,0.6,0.0
27.14,1.72,1.72,-0.018,0.604,0.6,0.0
27.16,1.714,1.714,-0.004,0.604,0.6,0.0
27.18,1.712,1.712,0.0,0.604,0.6,0.0
27.2,1.712,1.712,0.001,0.604,0.6,0.0
27.22,1.712,1.712,0.0,0.604,0.6,0.0
27.24,1.712,1.712,0.0,0.604,0.6,0.0
27.26,1.712,1.712,-0.0,0.604,0.6,0.0
27.28,1.712,1.712,-0.0,0.604,0.6,0.0
27.3,1.722,1.722,-0.026,0.602,0.6,0.0
27.32,1.728,1.728,-0.041,0.602,0.6,0.0
27.34,1.718,1.718,-0.018,0.602,0.6,0.0
27.36,1.712,1.712,-0.004,0.602,0.6,0.0
27.38,1.71,1.71,0.0,0.602,0.6,0.0
27.4,1.71,1.71,0.001,0.602,0.6,0.0
27.42,1.72,1.72,-0.026,0.6,0.6,0.0
27.44,1.726,1.726,-0.041,0.6,0.6,0.0
27.46,1.717,1.717,-0.018,0.6,0.6,0.0
27.48,1.71,1.71,-0.004,0.6,0.6,0.0
27.5,1.719,1.719,-0.026,0.599,0.6,0.0
27.52,1.725,1.725,-0.04,0.599,0.6,0.0
27.54,1.715,1.715,-0.018,0.599,0.6,0.0
27.56,1.709,1.709,-0.004,0.599,0.6,0.0
27.58,1.718,1.718,-0.026,0.597,0.6,0.0
27.6,1.724,1.724,-0.04,0.597,0.6,0.0
27.62,1.714,1.714,-0.018,0.597,0.6,0.0
27.64,1.708,1.708,-0.004,0.597,0.6,0.0
27.66,1.717,1.717,-0.026,0.595,0.6,0.0
27.68,1.723,1.723,-0.04,0.595,0.6,0.0
27.7,1.713,1.713,-0.018,0.595,0.6,0.0
27.72,1.708,1.708,-0.004,0.595,0.6,0.0
27.74,1.706,1.706,0.0,0.595,0.6,0.0
27.76,1.706,1.706,0.001,0.595,0.6,0.0
27.78,1.706,1.706,0.0,0.595,0.6,0.0
27.8,1.706,1.706,0.0,0.595,0.6,0.0
27.82,1.707,1.707,-0.0,0.595,0.6,0.0
27.84,1.717,1.717,-0.026,0.593,0.6,0.0
27.86,1.723,1.723,-0.041,0.593,0.6,0.0
27.88,1.714,1.714,-0.018,0.593,0.6,0.0
27.9,1.708,1.708,-0.004,0.593,0.6,0.0
27.92,1.706,1.706,0.0,0.593,0.6,0.0
27.94,1.706,1.706,0.001,0.593,0.6,0.0
27.96,1.706,1.706,0.0,0.593,0.6,0.0
27.98,1.707,1.707,0.0,0.593,0.6,0.0
28.0,1.707,1.707,-0.0,0.593,0.6,0.0
28.02,1.707,1.707,-0.0,0.593,0.6,0.0
28.04,1.707,1.707,-0.0,0.593,0.6,0.0
28.06,1.707,1.707,-0.0,0.593,0.6,0.0
28.08,1.708,1.708,0.0,0.593,0.6,0.0
28.1,1.708,1.708,0.0,0.593,0.6,0.0
28.12,1.708,1.708,0.0,0.593,0.6,0.0
28.14,1.708,1.708,0.0,0.593,0.6,0.0
28.16,1.708,1.708,0.0,0.593,0.6,0.0
28.18,1.708,1.708,0.0,0.593,0.6,0.0
28.2,1.709,1.709,0.0,0.593,0.6,0.0
28.22,1.709,1.709,0.0,0.593,0.6,0.0
28.24,1.709,1.709,0.0,0.593,0.6,0.0
28.26,1.709,1.709,0.0,0.593,0.6,0.0
28.28,1.709,1.709,0.0,0.593,0.6,0.0
28.3,1.709,1.709,0.0,0.593,0.6,0.0
28.32,1.71,1.71,0.0,0.593,0.6,0.0
28.34,1.71,1.71,0.0,0.593,0.6,0.0
28.36,1.71,1.71,0.0,0.593,0.6,0.0
28.38,1.71,1.71,0.0,0.593,0.6,0.0
28.4,1.71,1.71,0.0,0.593,0.6,0.0
28.42,1.711,1.711,0.0,0.593,0.6,0.0
28.44,1.711,1.711,0.0,0.593,0.6,0.0
28.46,1.711,1.711,0.0,0.593,0.6,0.0
28.48,1.721,1.721,-0.026,0.592,0.6,0.0
28.5,1.728,1.728,-0.041,0.592,0.6,0.0
28.52,1.718,1.718,-0.018,0.592,0.6,0.0
28.54,1.712,1.712,-0.004,0.592,0.6,0.0
28.56,1.711,1.711,0.0,0.592,0.6,0.0
28.58,1.711,1.711,0.001,0.592,0.6,0.0
28.6,1.711,1.711,0.0,0.592,0.6,0.0
28.62,1.711,1.711,0.0,0.592,0.6,0.0
28.64,1.712,1.712,-0.0,0.592,0.6,0.0
28.66,1.712,1.712,-0.0,0.592,0.6,0.0
28.68,1.722,1.722,-0.026,0.59,0.6,0.0
28.7,1.729,1.729,-0.041,0.59,0.6,0.0
28.72,1.719,1.719,-0.018,0.59,0.6,0.0
28.74,1.713,1.713,-0.004,0.59,0.6,0.0
28.76,1.712,1.712,0.0,0.59,0.6,0.0
28.78,1.701,1.701,0.027,0.592,0.6,0.0
28.8,1.696,1.696,0.041,0.592,0.6,0.0
28.82,1.706,1.706,0.018,0.592,0.6,0.0
28.84,1.712,1.712,0.004,0.592,0.6,0.0
28.86,1.714,1.714,-0.0,0.592,0.6,0.0
28.88,1.715,1.715,-0.001,0.592,0.6,0.0
28.9,1.715,1.715,-0.0,0.592,0.6,0.0
28.92,1.705,1.705,0.026,0.593,0.6,0.0
28.94,1.699,1.699,0.041,0.593,0.6,0.0
28.96,1.709,1.709,0.018,0.593,0.6,0.0
28.98,1.715,1.715,0.004,0.593,0.6,0.0
